"sampleID","read_count","d_Eukaryota","p_Proteobacteria","c_Clostridia","o_Micrococcales","f_Carnobacteriaceae","f_Corynebacteriaceae","f_Enterobacteriaceae","f_Lachnospiraceae","f_Mycoplasmataceae","f_Neisseriaceae","f_Pasteurellaceae","f_Peptostreptococcaceae","f_Prevotellaceae","g_Acinetobacter","g_Actinomyces","g_Actinotignum","g_Aerococcus","g_Alistipes","g_Alloprevotella","g_Anaerococcus","g_Anaeroglobus","g_Arcanobacterium","g_Bacteroides","g_Bulleidia","g_Campylobacter","g_Citrobacter","g_Corynebacterium","g_Cupriavidus","g_Delftia","g_Dialister","g_Enterobacter","g_Enterococcus","g_Ezakiella","g_Facklamia","g_Finegoldia","g_Fusobacterium","g_Gallicola","g_Gemella","g_Granulicatella","g_Haemophilus","g_Howardella","g_Jonquetella","g_Klebsiella","g_Kluyvera","g_Kocuria","g_Lachnoclostridium","g_Lactobacillus","g_Lactococcus","g_Lawsonella","g_Megasphaera","g_Micrococcus","g_Mobiluncus","g_Mogibacterium","g_Moryella","g_Murdochiella","g_Mycoplasma","g_Negativicoccus","g_Neisseria","g_Parvimonas","g_Peptococcus","g_Peptoniphilus","g_Peptostreptococcus","g_Phascolarctobacterium","g_Porphyromonas","g_Prevotella","g_Propionimicrobium","g_Proteus","g_Ralstonia","g_Rothia","g_Sneathia","g_Solobacterium","g_Sphingomonas","g_Staphylococcus","g_Stenotrophomonas","g_Streptococcus","g_Sutterella","g_Ureaplasma","g_Varibaculum","g_Variovorax","g_Veillonella","Atopobium_deltae","Atopobium_minutum","Atopobium_vaginae","Gardnerella_vaginalis","Lactobacillus_crispatus","Lactobacillus_delbrueckii","Lactobacillus_gasseri","Lactobacillus_iners","Lactobacillus_jensenii","Prevotella_amnii","Prevotella_bivia","Prevotella_buccalis","Prevotella_colorans","Prevotella_disiens","Prevotella_timonensis","Sneathia_amnii","Sneathia_sanguinegens"
"SRR2915463",7788,0,0,720,0,0,0,0,0,0,0,0,0,2069,0,0,0,7,0,0,0,0,0,0,0,0,0,0,0,0,14,0,0,0,0,0,0,0,8,0,0,0,0,0,0,0,0,999,0,0,270,0,2,0,0,0,0,0,0,0,0,0,0,0,0,2069,0,0,0,0,964,0,0,0,0,0,0,0,0,0,0,0,0,2338,0,2,0,0,990,0,1551,0,0,0,0,0,0,0
"SRR2915464",5918,0,282,0,0,0,0,0,0,4,0,0,0,0,0,0,0,0,0,0,0,0,0,0,0,0,0,0,243,0,0,0,0,0,0,0,0,0,0,0,0,0,0,0,0,0,0,5618,0,0,0,0,0,0,0,0,0,0,0,0,0,0,0,0,0,0,0,0,0,0,0,0,0,4,0,0,0,4,0,0,0,0,0,0,0,286,0,0,5111,221,0,0,0,0,0,0,0,0
"SRR2915465",8909,0,10,0,0,0,0,0,0,0,0,0,0,0,0,0,0,0,0,0,0,0,0,0,0,0,0,0,5,0,0,0,0,0,0,0,0,0,0,0,0,0,0,0,0,0,0,8899,0,0,0,0,0,0,0,0,0,0,0,0,0,0,0,0,0,0,0,0,0,0,0,0,0,0,0,0,0,0,0,0,0,0,0,0,0,8767,0,0,76,42,0,0,0,0,0,0,0,0
"SRR2915466",5975,0,22,0,0,0,0,0,0,0,0,0,0,0,0,0,0,0,0,0,0,0,0,0,0,0,0,0,18,0,0,0,0,0,0,0,0,0,0,0,0,0,0,0,0,0,0,5949,0,0,0,0,0,0,0,0,0,0,0,0,0,0,0,0,0,0,0,0,0,0,0,0,0,0,0,0,0,0,0,0,0,0,0,0,0,0,0,0,5474,0,0,0,0,0,0,0,0,0
"SRR2915467",7774,0,0,1219,0,0,0,0,0,0,0,0,0,1093,0,0,0,12,0,0,7,0,0,0,0,0,0,0,0,0,84,0,0,0,0,0,0,0,73,0,0,0,0,0,0,0,0,10,0,0,759,0,0,0,0,0,0,0,0,102,0,0,0,0,0,1093,0,0,0,0,2156,0,0,0,0,0,0,0,0,0,0,0,0,1896,5,0,0,0,10,0,727,0,0,0,0,0,25,0
"SRR2915468",7127,0,0,0,0,0,0,0,0,5,0,0,0,0,0,0,0,0,0,0,0,0,0,0,0,0,0,0,0,0,0,0,0,0,0,0,0,0,0,0,0,0,0,0,0,0,0,7117,0,0,0,0,0,0,0,0,0,0,0,0,0,0,0,0,0,0,0,0,0,0,0,0,0,0,0,0,0,5,0,0,0,0,0,0,0,0,0,0,6567,0,0,0,0,0,0,0,0,0
"SRR2915469",8975,0,0,45,0,0,0,0,0,0,0,0,0,692,0,0,0,0,0,0,36,0,0,0,0,0,0,0,0,0,22,0,0,0,0,0,0,0,0,0,0,0,0,0,0,0,0,488,0,0,1445,0,0,0,0,0,0,0,0,0,0,9,0,0,0,692,0,0,0,0,0,0,0,0,0,0,0,0,0,0,0,0,0,6146,0,0,0,0,488,0,0,148,0,0,0,0,0,0
"SRR2915470",6773,0,618,0,69,0,0,0,0,0,0,0,0,0,0,0,0,0,0,0,0,0,0,0,0,0,0,0,193,65,0,0,0,0,0,0,0,0,0,0,0,0,0,0,0,0,0,5931,0,0,0,0,0,0,0,0,0,0,0,0,0,0,0,0,0,0,0,0,0,0,0,0,0,0,0,0,0,0,0,0,0,0,0,0,0,0,59,0,6,0,0,0,0,0,0,0,0,0
"SRR2915471",6477,0,42,0,0,0,0,0,0,0,0,0,0,0,0,0,0,0,0,0,0,0,0,0,0,0,0,0,0,0,0,0,0,0,0,0,0,0,0,0,0,0,0,0,0,0,0,6423,0,0,0,0,0,0,0,0,0,0,0,0,0,0,0,0,0,0,0,0,0,0,0,0,0,0,0,0,0,0,0,0,0,0,0,0,0,0,0,0,25,0,0,0,0,0,0,0,0,0
"SRR2915472",6825,0,0,160,0,0,0,0,0,0,0,0,0,59,0,0,0,0,0,0,0,0,0,0,0,0,0,0,0,0,5,0,0,0,0,0,0,0,0,0,0,0,0,0,0,0,0,0,0,0,175,0,0,0,0,0,0,0,0,0,0,0,0,0,0,59,0,0,0,0,2385,0,0,0,0,0,0,0,0,0,0,0,0,2968,0,0,0,0,0,0,0,0,0,16,0,0,1906,0
"SRR2915473",5812,0,0,32,0,0,0,0,0,0,0,0,0,1614,0,0,0,85,0,0,27,0,0,0,0,0,0,0,0,0,14,0,0,0,0,0,0,0,0,0,0,0,0,0,0,0,0,0,0,0,518,0,0,0,0,0,0,0,0,0,0,5,0,0,0,639,0,0,0,0,2351,0,0,0,0,43,0,0,0,0,216,0,0,805,0,0,0,0,0,0,0,0,0,0,0,0,0,0
"SRR2915474",6755,0,0,0,0,0,0,0,0,0,0,0,0,0,0,0,0,0,0,0,0,0,0,0,0,0,0,0,0,0,0,0,0,0,0,0,0,0,0,0,0,0,0,0,0,0,0,6643,0,0,0,0,0,0,0,0,0,0,0,0,0,0,0,0,0,0,0,0,0,0,0,0,0,0,0,107,0,0,0,0,0,0,0,0,0,0,0,0,6643,0,0,0,0,0,0,0,0,0
"SRR2915475",7098,0,82,72,0,0,0,0,7,5,0,0,3,470,0,0,0,10,0,0,7,0,0,0,0,0,0,0,0,0,0,0,0,0,0,0,0,0,0,0,0,0,0,0,0,0,0,2519,0,0,393,0,0,0,0,0,5,0,0,34,0,17,3,0,0,470,0,0,0,0,48,0,0,0,0,3,0,0,0,0,0,0,0,3320,0,0,0,0,2519,0,8,0,0,0,0,0,44,0
"SRR2915476",8141,0,0,0,0,0,0,0,0,2,0,0,0,0,0,0,0,0,0,0,0,0,0,0,0,0,0,0,0,0,0,0,0,0,0,0,0,0,0,0,0,0,0,0,0,0,0,8139,0,0,0,0,0,0,0,0,0,0,0,0,0,0,0,0,0,0,0,0,0,0,0,0,0,0,0,0,0,2,0,0,0,0,0,0,0,0,0,0,6758,0,0,0,0,0,0,0,0,0
"SRR2915477",5636,0,0,760,0,0,113,0,76,0,0,0,0,1664,0,0,0,0,0,0,40,0,0,0,5,2,0,113,0,0,18,0,0,0,0,22,0,0,0,0,0,2,0,0,0,0,0,0,0,0,247,0,27,0,8,0,0,0,0,13,0,0,0,0,9,1664,0,0,0,0,1314,0,0,0,0,0,0,0,0,0,0,0,0,570,0,0,0,0,0,0,365,0,0,0,0,0,0,0
"SRR2915478",11604,3,396,399,0,0,1458,0,5,0,5,0,0,440,0,0,0,3,0,0,202,0,5,0,0,0,0,1458,0,0,0,0,20,11,17,24,0,4,0,0,0,0,0,0,0,0,0,319,0,0,0,0,0,4,0,5,0,0,0,0,0,98,0,0,9,440,0,377,0,0,30,0,0,215,3,2219,0,0,6,8,0,0,0,19,3675,0,0,0,315,4,0,0,0,0,0,0,20,0
"SRR2915479",9961,0,0,67,0,0,20,0,0,11,0,0,0,63,0,0,0,0,0,0,20,0,0,0,0,5,0,20,0,0,7,0,0,0,0,10,14,0,0,0,0,0,2,0,0,0,0,0,0,0,0,0,0,0,0,0,0,0,0,0,0,19,0,0,6,63,0,0,0,0,0,0,0,3,0,0,0,11,0,0,0,0,0,9726,28,0,0,0,0,0,0,0,0,3,0,0,0,0
"SRR2915480",9049,0,6,49,0,0,0,0,10,0,0,0,10,68,0,0,0,8,0,8,4,0,0,0,0,0,0,0,0,6,0,0,0,0,0,0,18,0,0,0,0,0,0,0,0,0,0,7226,0,0,487,0,0,3,0,0,0,0,0,16,0,0,10,0,164,60,0,0,0,0,20,5,0,4,0,9,0,0,0,0,0,0,0,854,0,0,0,0,7209,0,51,0,0,0,0,9,0,0
"SRR2915481",6830,0,2,0,0,0,0,0,0,0,0,0,0,0,0,0,0,5,0,0,0,0,0,0,0,0,0,0,0,2,0,0,0,0,0,0,0,0,2,0,0,0,0,0,0,0,0,6815,0,0,0,0,0,0,0,0,0,0,0,0,0,0,0,0,0,0,0,0,0,0,0,0,0,0,0,6,0,0,0,0,0,0,0,0,0,0,0,0,6815,0,0,0,0,0,0,0,0,0
"SRR2915482",9250,0,0,0,0,0,0,0,0,0,0,0,0,45,0,0,0,9,0,0,0,0,0,0,0,0,0,0,0,0,0,0,0,0,0,0,0,0,0,0,0,0,0,0,0,0,0,9155,0,0,0,0,0,0,0,0,0,0,0,0,0,0,0,0,0,45,0,0,0,0,0,2,0,0,0,2,0,0,0,0,0,0,0,20,0,0,0,0,9138,0,0,0,0,0,0,0,0,0
"SRR2915483",5730,0,18,933,0,0,210,0,68,0,0,0,5,2602,0,4,0,3,0,0,194,0,0,0,0,48,0,210,0,0,307,0,0,21,0,112,22,0,28,0,0,2,74,0,0,0,6,26,0,0,535,0,8,54,60,0,0,0,0,0,56,191,0,0,125,2602,0,0,0,0,5,0,0,13,0,22,0,0,44,0,0,0,8,370,22,0,0,0,26,0,2300,0,8,0,22,78,5,0
"SRR2915484",7450,0,0,0,0,0,0,0,0,65,0,0,0,0,0,0,0,0,0,0,0,0,0,0,0,0,0,0,0,0,0,0,0,0,0,0,0,0,0,0,0,0,0,0,0,0,0,7303,0,0,0,0,0,0,0,0,0,0,0,0,0,0,0,0,0,0,0,0,0,0,0,0,0,0,0,0,0,65,0,0,0,0,0,0,0,0,0,0,7303,0,0,0,0,0,0,0,0,0
"SRR2915485",9191,0,0,0,0,0,5,0,0,200,0,0,0,3,0,0,0,4,0,0,0,0,0,0,0,0,0,5,0,0,0,0,0,0,0,0,0,0,0,0,0,0,0,0,0,0,0,8896,0,0,0,0,0,0,0,0,0,0,0,0,0,0,0,0,0,3,0,0,0,0,0,0,0,39,0,0,0,200,0,0,0,0,0,7,35,0,0,0,8896,0,0,0,0,0,0,0,0,0
"SRR2915486",7509,0,0,391,0,0,0,0,0,0,0,0,0,3548,0,0,0,2,0,0,0,0,0,0,0,0,0,0,0,0,32,0,0,0,0,4,0,0,0,0,0,0,0,0,0,0,0,0,0,0,1012,0,0,0,0,0,0,0,0,20,0,0,0,0,0,3548,0,0,0,0,970,0,0,0,0,0,0,0,0,0,0,0,0,1399,0,0,0,0,0,0,3462,0,0,0,0,0,0,0
"SRR2915487",5661,0,0,651,0,0,353,0,0,931,0,0,0,1166,0,0,0,230,0,0,0,0,0,0,0,0,0,351,0,0,68,0,0,0,0,0,0,0,14,0,0,0,0,0,0,0,0,2,0,0,492,0,0,0,0,0,22,0,0,160,0,0,0,0,0,1166,0,0,0,0,755,0,0,0,0,56,0,909,0,0,0,0,0,773,0,0,0,0,2,0,1162,4,0,0,0,0,0,0
"SRR2915488",4481,0,0,444,0,0,3,0,0,0,0,0,0,1772,0,0,0,3,0,0,0,0,0,0,0,0,0,3,0,0,15,0,0,0,0,0,0,0,5,0,0,0,0,0,0,0,0,0,0,0,1016,0,2,0,0,0,0,0,0,78,0,0,0,0,0,1772,0,0,0,0,499,0,0,0,0,0,0,0,0,0,0,0,0,583,0,0,0,0,0,0,1763,0,0,0,0,0,8,0
"SRR2915489",7339,0,0,4524,0,0,0,0,4437,0,0,0,0,1456,0,0,0,3,0,0,2,0,0,0,0,0,0,0,0,0,20,0,0,0,0,0,2,0,0,0,0,0,0,0,0,0,0,5,0,0,860,0,58,0,0,0,0,0,0,0,0,4,0,0,3,1456,0,0,0,0,265,0,0,0,0,0,0,0,0,0,0,0,0,53,0,0,0,0,5,0,633,4,0,0,0,193,58,0
"SRR2915490",6993,0,0,0,0,0,0,0,0,6,0,0,0,0,0,0,0,0,0,0,0,0,0,0,0,0,0,0,0,0,0,0,0,0,0,0,0,0,0,0,0,0,0,0,0,0,0,6987,0,0,0,0,0,0,0,0,0,0,0,0,0,0,0,0,0,0,0,0,0,0,0,0,0,0,0,0,0,6,0,0,0,0,0,0,0,0,0,0,209,0,0,0,0,0,0,0,0,0
"SRR2915491",8874,0,0,0,0,0,0,0,0,0,0,0,0,2,0,0,0,0,0,0,0,0,0,0,0,0,0,0,0,0,0,0,0,0,0,0,0,0,0,0,0,0,0,0,0,0,0,8862,0,0,0,0,0,0,0,0,0,0,0,0,0,0,0,0,0,2,0,0,0,0,0,0,0,0,0,0,0,0,0,0,0,0,0,0,0,0,0,0,42,0,0,0,0,0,0,2,0,0
"SRR2915492",8198,0,0,14,0,0,0,0,0,3,0,0,0,320,0,0,0,9,0,0,0,0,0,0,0,0,0,0,0,0,0,0,0,0,0,3,0,0,0,0,0,0,0,0,0,0,0,7068,0,0,189,0,0,0,0,0,0,0,0,4,0,0,0,0,0,320,0,0,0,0,477,0,0,5,0,0,0,3,0,0,0,0,0,59,0,0,0,0,6487,0,137,0,0,0,0,8,113,59
"SRR2915493",4479,0,0,0,0,0,0,0,0,0,0,0,0,0,0,0,0,0,0,0,0,0,0,0,0,0,0,0,0,0,0,0,0,0,0,0,0,0,0,0,0,0,0,0,0,0,0,4479,0,0,0,0,0,0,0,0,0,0,0,0,0,0,0,0,0,0,0,0,0,0,0,0,0,0,0,0,0,0,0,0,0,0,0,0,0,59,0,0,3943,0,0,0,0,0,0,0,0,0
"SRR2915494",7103,0,0,0,0,0,0,0,0,0,0,0,0,0,0,0,0,0,0,0,0,0,0,0,0,0,0,0,0,0,0,0,802,0,0,0,0,0,0,0,0,0,0,0,0,0,0,6293,0,0,0,0,0,0,0,0,0,0,0,0,0,0,0,0,0,0,0,0,0,0,0,0,0,0,0,0,0,0,0,0,0,0,0,0,0,122,0,0,5564,0,0,0,0,0,0,0,0,0
"SRR2915495",7442,0,0,568,0,0,54,0,0,36,0,0,0,245,0,0,0,5,0,0,2,0,0,0,0,0,0,46,0,0,61,0,0,0,0,34,0,0,0,0,0,0,0,0,0,0,0,56,0,2,2779,0,0,0,0,0,0,0,0,0,0,0,0,0,0,241,0,0,0,0,140,0,0,22,0,2,0,36,0,0,0,0,0,2881,19,0,0,0,56,0,0,0,0,0,0,0,62,0
"SRR2915496",4593,0,221,0,0,0,0,216,0,0,0,0,0,0,0,0,0,0,0,0,0,0,0,0,0,0,0,0,0,0,0,0,4347,0,0,0,0,0,0,0,0,0,0,0,0,0,0,22,0,0,0,0,0,0,0,0,0,0,0,0,0,0,0,0,0,0,0,0,0,0,0,0,0,0,0,0,0,0,0,0,0,0,0,0,0,0,0,0,22,0,0,0,0,0,0,0,0,0
"SRR2915497",6850,0,0,217,0,0,0,0,0,0,0,0,0,856,0,0,0,16,0,0,0,0,0,0,0,0,0,0,0,0,44,0,0,0,0,0,0,0,0,0,0,0,0,0,0,0,0,7,0,0,772,0,0,0,0,0,0,0,0,6,0,0,0,0,0,856,0,0,0,0,433,0,0,0,0,0,0,0,0,0,0,0,0,4049,0,0,0,0,7,0,0,0,0,0,0,0,383,0
"SRR2915498",5934,0,15,360,0,0,0,0,0,0,0,0,0,4288,0,0,0,0,0,0,53,0,0,0,0,0,0,0,0,0,154,0,0,0,0,0,0,0,0,0,0,0,0,0,0,0,0,0,0,0,123,0,0,0,0,0,0,0,0,45,0,6,0,0,5,4288,0,0,0,0,0,0,0,0,0,0,15,0,0,0,0,0,0,772,0,0,0,0,0,0,0,1424,0,0,0,0,0,0
"SRR2915499",3621,0,36,0,0,0,0,36,0,0,0,0,0,0,0,0,0,0,0,0,0,0,0,0,0,0,36,0,0,0,0,0,3,0,0,0,0,0,0,0,0,0,0,0,0,0,0,3083,499,0,0,0,0,0,0,0,0,0,0,0,0,0,0,0,0,0,0,0,0,0,0,0,0,0,0,0,0,0,0,0,0,0,0,0,0,0,0,0,1935,0,0,0,0,0,0,0,0,0
"SRR2915500",5054,0,0,0,0,0,0,0,0,0,0,0,0,0,0,0,0,0,0,0,0,0,0,0,0,0,0,0,0,0,0,0,4,0,0,0,0,0,0,0,0,0,0,0,0,0,0,5047,0,0,0,0,0,0,0,0,0,0,0,0,0,0,0,0,0,0,0,0,0,0,0,0,0,0,0,0,0,0,0,0,0,0,0,0,0,0,0,0,3199,0,0,0,0,0,0,0,0,0
"SRR2915501",5702,0,14,970,0,0,0,0,2,0,0,0,71,941,0,0,0,64,0,0,834,0,0,0,0,0,0,0,0,0,15,0,0,0,0,3,0,0,0,0,0,2,0,0,0,0,0,0,0,0,3,0,0,0,0,0,0,0,0,0,0,43,71,0,0,941,0,0,0,0,0,0,0,3,0,2514,7,0,0,0,0,0,0,1128,0,0,0,0,0,0,0,295,0,0,0,23,0,0
"SRR2915502",7868,0,0,0,0,0,0,0,0,0,0,0,0,0,0,0,0,7860,0,0,0,0,0,0,0,0,0,0,0,0,0,0,0,0,0,0,0,0,0,0,0,0,0,0,0,0,0,0,0,0,0,0,0,0,0,0,0,0,0,0,0,0,0,0,0,0,0,0,0,0,0,0,0,0,0,0,0,0,0,0,0,0,0,0,0,0,0,0,0,0,0,0,0,0,0,0,0,0
"SRR2915503",7348,0,3,1901,0,0,87,3,36,80,0,0,2,771,0,30,2,0,0,0,1041,0,0,0,0,31,0,82,0,0,195,0,0,20,4,544,10,0,12,0,0,36,0,0,0,0,0,0,0,5,0,0,32,0,0,3,0,0,0,7,0,240,2,0,22,771,17,0,0,0,0,0,0,4,0,3910,0,80,54,0,0,18,0,0,87,0,0,0,0,0,0,0,0,12,0,80,0,0
"SRR2915504",3776,0,0,0,0,0,1009,0,0,293,0,0,0,0,0,0,3,0,0,0,0,0,0,0,0,0,0,1009,0,0,0,0,8,0,15,0,0,0,0,0,0,0,0,0,0,0,0,0,0,0,0,0,0,0,0,0,0,0,0,0,0,0,0,0,0,0,0,0,0,0,0,0,0,70,0,2360,0,293,3,0,0,0,0,0,0,0,0,0,0,0,0,0,0,0,0,0,0,0
"SRR2915505",5121,0,10,849,0,0,136,0,3,322,0,0,0,261,0,4,0,0,0,0,44,0,0,0,0,8,0,136,0,0,37,0,0,0,0,687,0,0,0,0,0,3,0,0,0,0,0,0,0,0,0,0,0,0,0,0,0,2,0,0,0,110,0,0,3,261,15,0,0,0,0,0,0,705,0,2731,10,322,2,0,0,0,0,0,0,0,0,0,0,0,0,0,0,7,0,31,0,0
"SRR2915506",8558,0,0,0,0,0,0,0,0,37,0,0,0,5,0,0,0,3449,0,0,0,0,0,0,0,0,0,0,0,0,0,0,0,0,0,0,0,0,0,0,0,0,0,0,0,0,0,0,0,0,0,0,0,0,0,0,0,0,0,0,0,0,0,0,0,5,0,0,0,0,0,0,0,2,0,0,0,37,0,0,0,0,0,4935,2,0,0,0,0,0,0,0,0,0,0,0,0,0
"SRR2915507",5440,0,128,0,0,0,0,10,0,0,0,0,0,0,0,0,0,0,0,0,0,0,0,0,0,0,0,0,0,0,0,0,5289,0,0,0,0,0,0,0,0,0,0,10,0,0,0,2,0,0,0,0,0,0,0,0,0,0,0,0,0,0,0,0,0,0,0,0,0,0,0,0,0,0,0,7,0,0,0,0,0,0,0,0,0,0,0,0,2,0,0,0,0,0,0,0,0,0
"SRR2915508",5482,0,4,0,0,0,0,0,0,6,0,0,0,0,0,0,0,27,0,0,0,0,0,0,0,0,0,0,0,0,0,0,4290,0,0,0,0,0,0,0,0,0,0,0,0,0,0,1155,0,0,0,0,0,0,0,0,0,0,0,0,0,0,0,0,0,0,0,0,0,0,0,0,0,0,0,0,0,6,0,0,0,0,0,0,0,0,0,0,0,0,0,0,0,0,0,0,0,0
"SRR2915509",6799,0,3603,0,0,0,0,0,0,0,0,0,0,0,0,0,0,0,0,0,0,0,0,0,0,0,0,0,1720,1125,0,0,176,0,0,0,0,0,0,0,0,0,0,0,0,0,0,0,0,0,0,0,0,0,0,0,0,0,0,0,0,0,0,0,0,0,0,0,37,0,0,0,0,2891,0,0,0,0,0,0,0,0,0,0,29,0,0,0,0,0,0,0,0,0,0,0,0,0
"SRR2915510",7873,0,10,0,0,0,3,0,0,70,0,0,0,6,0,0,0,3902,0,0,0,0,0,0,0,0,0,3,0,0,0,0,0,0,0,0,0,0,0,0,0,0,0,0,0,0,0,11,0,0,0,0,0,0,0,0,0,0,0,0,0,0,0,0,0,6,0,0,0,0,0,0,0,5,0,6,0,70,0,0,0,0,0,3764,3,0,0,0,11,0,0,0,0,0,0,0,0,0
"SRR2915511",8219,0,2221,1070,21,0,426,0,0,0,0,0,0,1397,0,0,0,0,0,0,63,0,0,0,0,3,0,395,0,4,165,0,120,0,0,914,0,0,0,0,0,0,0,0,0,0,0,5,3,31,0,0,7,0,0,0,0,0,0,0,0,93,0,0,0,1397,0,0,0,0,0,0,0,1264,0,728,0,0,0,0,0,0,0,2,762,0,0,0,5,0,0,0,0,2,0,0,0,0
"SRR2915512",4196,0,0,198,0,0,0,0,32,0,0,0,0,921,0,0,0,0,0,0,4,0,0,0,0,0,0,0,0,0,7,0,0,0,0,0,0,0,0,0,0,0,0,0,0,0,0,163,0,0,329,0,211,0,32,0,0,0,0,27,0,14,0,0,0,921,0,0,0,0,545,0,0,0,0,0,0,0,0,0,0,0,0,1628,0,0,0,0,163,0,372,0,0,0,0,0,249,0
"SRR2915513",6084,0,0,0,0,0,0,0,0,0,0,0,0,0,0,0,0,0,0,0,0,0,0,0,0,0,0,0,0,0,0,0,0,0,0,0,0,0,0,0,0,0,0,0,0,0,0,5600,0,0,0,0,0,0,0,0,0,0,0,0,0,0,0,0,0,0,0,0,0,0,0,0,0,475,0,0,0,0,0,0,0,0,0,0,0,0,0,0,5598,0,0,0,0,0,0,0,0,0
"SRR2915514",4923,0,0,864,0,0,0,0,0,3,0,0,0,1159,0,2,0,44,0,0,0,0,2,0,0,0,0,0,0,0,96,0,0,0,0,0,0,0,12,0,0,0,0,0,0,0,0,44,0,0,374,0,8,0,0,0,3,0,0,190,0,33,0,0,6,1121,0,0,0,0,880,0,0,0,0,0,0,0,0,0,0,0,0,1246,0,0,0,0,44,0,814,0,0,0,0,0,100,0
"SRR2915515",7268,0,0,2437,0,0,0,0,0,0,0,0,0,2630,0,0,0,0,0,0,0,0,0,0,2,0,0,0,0,0,0,0,297,0,0,0,0,0,12,0,0,0,0,0,0,0,0,4,0,0,34,0,30,0,0,0,0,0,0,142,3,47,0,0,41,2630,0,0,0,0,1237,0,0,0,0,0,0,0,0,0,0,0,0,259,0,0,0,0,4,0,2630,0,0,0,0,0,331,0
"SRR2915516",5980,0,0,0,0,0,0,0,0,0,0,0,0,0,0,0,0,0,0,0,0,0,0,0,0,0,0,0,0,0,0,0,5976,0,0,0,0,0,0,0,0,0,0,0,0,0,0,4,0,0,0,0,0,0,0,0,0,0,0,0,0,0,0,0,0,0,0,0,0,0,0,0,0,0,0,0,0,0,0,0,0,0,0,0,0,0,0,0,4,0,0,0,0,0,0,0,0,0
"SRR2915517",6967,0,0,0,0,0,0,0,0,5,0,0,0,0,0,0,0,0,0,0,0,0,0,0,0,0,0,0,0,0,0,0,154,0,0,0,0,0,0,0,0,0,0,0,0,0,0,6800,0,0,0,0,0,0,0,0,0,0,0,0,0,0,0,0,0,0,0,0,0,0,0,0,0,0,0,0,0,5,0,0,0,0,0,0,0,0,0,0,5677,0,0,0,0,0,0,0,0,0
"SRR2915518",6712,0,0,4,0,0,0,0,0,4,0,0,0,33,0,0,0,151,0,0,0,0,0,0,0,0,0,0,0,0,0,0,0,0,0,0,0,0,0,0,0,0,0,0,0,0,0,5424,0,0,945,0,0,0,0,0,0,0,0,0,0,0,0,0,0,33,0,0,0,0,0,0,0,0,0,0,0,4,0,0,0,0,0,88,8,0,0,0,5270,0,0,33,0,0,0,0,0,0
"SRR2915519",5693,0,0,0,0,0,5,0,0,110,0,0,0,2,0,0,0,0,0,0,0,0,0,0,0,0,0,0,0,0,0,0,1900,0,0,0,0,0,0,0,0,0,0,0,0,0,0,3637,0,0,0,0,0,0,0,0,0,0,0,0,0,0,0,0,0,2,0,0,0,0,0,0,0,0,0,0,0,110,0,0,0,0,0,0,35,0,0,0,2965,0,0,0,0,0,0,0,0,0
"SRR2915520",8208,0,0,0,0,0,0,0,0,7,0,0,0,0,0,0,0,0,0,0,0,0,0,0,0,0,0,0,0,0,0,0,0,0,0,0,0,0,0,0,0,0,0,0,0,0,0,8201,0,0,0,0,0,0,0,0,0,0,0,0,0,0,0,0,0,0,0,0,0,0,0,0,0,0,0,0,0,7,0,0,0,0,0,0,0,0,0,0,7971,0,0,0,0,0,0,0,0,0
"SRR2915521",6708,0,0,185,2,0,0,0,0,0,0,0,0,1597,0,0,0,2,0,0,0,0,0,0,0,0,0,0,0,0,33,0,0,0,0,0,0,0,0,0,0,0,0,0,0,0,0,571,0,0,176,0,3,0,0,0,0,0,0,22,0,2,0,0,0,1597,0,0,0,0,894,0,0,0,0,0,0,0,0,0,0,0,0,3031,0,0,0,0,571,0,1238,0,0,0,0,84,566,0
"SRR2915522",6632,0,0,0,0,0,0,0,0,2,0,0,0,0,0,0,0,0,0,0,0,0,0,0,0,0,0,0,0,0,0,0,0,0,0,0,0,0,0,0,0,0,0,0,0,0,0,6630,0,0,0,0,0,0,0,0,0,0,0,0,0,0,0,0,0,0,0,0,0,0,0,0,0,0,0,0,0,2,0,0,0,0,0,0,0,0,0,0,6630,0,0,0,0,0,0,0,0,0
"SRR2915523",11033,0,0,0,0,0,0,0,0,0,0,0,0,0,0,0,0,0,0,0,0,0,0,0,0,0,0,0,0,0,0,0,0,0,0,0,0,0,0,0,0,0,0,0,0,0,0,11033,0,0,0,0,0,0,0,0,0,0,0,0,0,0,0,0,0,0,0,0,0,0,0,0,0,0,0,0,0,0,0,0,0,0,0,0,0,0,0,0,11024,0,0,0,0,0,0,0,0,0
"SRR2915524",8060,0,0,669,0,0,0,0,0,0,0,0,0,4041,0,0,0,0,0,0,14,0,0,0,0,0,0,0,0,0,52,0,0,0,0,3,0,0,15,0,0,0,0,0,0,0,0,20,0,0,292,0,0,0,0,0,0,0,0,50,0,28,0,0,0,4041,0,0,0,0,1066,0,0,0,0,0,0,0,0,0,0,0,0,1723,0,0,0,0,20,0,4023,0,9,0,0,9,72,0
"SRR2915525",6187,0,0,0,0,0,0,0,0,19,0,0,0,0,0,0,0,14,0,0,0,0,0,0,0,0,0,0,0,0,0,0,0,0,0,0,0,0,0,0,0,0,0,0,0,0,0,6130,0,0,0,0,0,0,0,0,0,0,0,0,0,0,0,0,0,0,0,0,0,0,22,0,0,0,0,0,0,19,0,0,0,0,0,0,0,0,0,0,6130,0,0,0,0,0,0,0,7,0
"SRR2915526",10399,0,0,0,0,0,0,0,0,19,0,0,0,0,0,0,0,0,0,0,0,0,0,0,0,0,0,0,0,0,0,0,0,0,0,0,0,0,0,0,0,0,0,0,0,0,0,10260,0,0,0,0,0,0,0,0,0,0,0,0,0,0,0,0,0,0,0,0,0,0,0,0,0,0,0,9,0,19,0,0,0,0,0,108,3,0,0,0,10252,0,0,0,0,0,0,0,0,0
"SRR2915527",5490,0,0,195,0,0,0,0,0,5,0,0,0,706,0,0,0,0,0,0,0,0,0,0,0,0,0,0,0,0,7,0,0,0,0,0,0,0,0,0,0,0,0,0,0,0,0,110,0,0,847,0,137,0,0,0,0,0,0,9,0,6,0,0,0,706,0,0,0,0,24,0,0,0,0,0,0,5,0,0,0,0,0,3327,0,0,0,0,110,0,542,0,0,0,0,0,21,0
"SRR2915528",4243,0,0,0,0,0,0,0,0,0,0,0,0,0,0,0,0,0,0,0,0,0,3,0,0,0,0,0,0,0,0,0,237,0,0,0,0,0,0,0,0,0,0,0,0,0,0,2278,0,0,92,0,0,0,0,0,0,0,0,0,0,0,0,0,0,0,0,0,0,0,1586,0,0,0,0,0,0,0,0,0,0,0,0,30,0,0,0,0,2165,0,0,0,0,0,0,0,1536,0
"SRR2915529",6492,0,0,45,0,0,0,0,0,0,0,0,0,2246,0,0,0,6,0,0,0,0,0,0,0,0,0,0,0,0,49,0,0,0,0,0,0,0,0,0,0,0,0,0,0,0,0,4,0,0,898,0,137,0,0,0,0,0,0,0,0,0,0,0,0,2246,0,0,0,0,300,0,0,0,0,0,0,0,0,0,0,0,0,2693,0,0,0,0,4,0,2054,0,0,0,0,0,131,0
"SRR2915530",5876,0,0,3467,0,0,0,0,3393,0,0,0,0,422,0,0,0,6,0,0,0,0,0,0,0,0,0,0,0,0,69,0,0,0,0,0,0,0,3,0,0,0,0,0,0,0,0,0,0,0,640,0,7,0,0,0,0,0,0,38,0,3,0,0,0,422,0,0,0,0,29,0,0,0,0,0,0,0,0,0,2,0,0,1019,4,0,0,0,0,0,141,0,0,0,0,0,25,0
"SRR2915531",6189,0,0,2,0,0,0,0,2,0,0,0,0,0,0,0,0,69,0,0,0,0,0,0,0,0,0,0,0,0,0,0,0,0,0,0,0,0,0,0,0,0,0,0,0,0,0,6115,0,0,0,0,0,0,0,0,0,0,0,0,0,0,0,0,0,0,0,0,0,0,0,0,0,0,0,0,0,0,0,0,0,0,0,3,0,0,0,0,6110,0,0,0,0,0,0,0,0,0
"SRR2915532",5788,0,0,0,0,0,0,0,0,0,0,0,0,0,0,0,0,0,0,0,0,0,0,0,0,0,0,0,0,0,0,0,0,0,0,0,0,0,0,0,0,0,0,0,0,0,0,5788,0,0,0,0,0,0,0,0,0,0,0,0,0,0,0,0,0,0,0,0,0,0,0,0,0,0,0,0,0,0,0,0,0,0,0,0,0,384,0,0,2079,31,0,0,0,0,0,0,0,0
"SRR2915533",5063,0,208,404,0,0,22,206,0,0,0,0,0,1249,0,0,0,0,0,0,351,0,4,0,0,0,0,22,0,0,58,0,0,0,0,24,0,0,15,0,0,0,0,0,0,0,0,86,0,0,123,0,0,0,0,0,0,0,0,8,0,6,0,0,0,1249,0,0,0,0,1976,0,0,3,0,29,0,0,0,0,54,0,0,734,0,0,0,0,86,0,732,0,0,0,0,0,1532,0
"SRR2915534",7053,0,0,0,0,0,0,0,0,9,0,0,0,0,0,0,0,0,0,0,0,0,0,0,0,0,0,0,0,0,0,0,0,0,0,0,0,0,0,0,0,0,0,0,0,0,0,7044,0,0,0,0,0,0,0,0,0,0,0,0,0,0,0,0,0,0,0,0,0,0,0,0,0,0,0,0,0,9,0,0,0,0,0,0,0,0,0,0,6290,0,0,0,0,0,0,0,0,0
"SRR2915535",5037,0,0,296,0,0,0,0,0,0,0,0,0,1227,0,0,0,0,0,0,0,0,7,0,0,0,0,0,0,0,14,0,0,0,0,0,0,0,0,0,0,0,0,0,0,0,0,585,0,0,353,0,0,0,0,0,0,0,0,0,0,0,0,0,0,1227,0,0,0,0,527,0,0,0,0,0,0,0,0,0,0,0,0,1942,0,0,0,0,529,0,0,0,0,0,0,0,387,0
"SRR2915536",6287,0,118,386,0,0,0,0,23,0,0,0,0,2142,0,0,0,0,0,0,61,0,0,0,0,0,0,0,0,0,22,0,0,0,0,13,0,0,0,0,0,0,0,0,0,0,0,475,0,0,43,0,0,0,0,0,0,0,0,48,0,41,0,0,0,2142,0,0,0,0,497,0,0,0,0,2227,118,0,0,0,81,0,0,67,0,0,0,0,382,0,1363,0,0,0,0,145,87,0
"SRR2915537",4942,0,0,0,0,0,2,0,0,0,0,0,0,0,0,0,0,0,0,0,0,0,0,0,0,0,0,2,0,0,0,0,0,0,0,0,0,0,0,0,0,0,0,0,0,0,0,4929,0,0,0,0,0,0,0,0,0,0,0,0,0,0,0,0,0,0,0,0,0,0,0,0,0,0,0,11,0,0,0,0,0,0,0,0,0,0,0,0,3991,0,0,0,0,0,0,0,0,0
"SRR2915538",6637,0,6,0,0,0,0,0,0,0,0,0,0,0,0,0,0,0,0,0,0,0,0,0,0,0,0,0,0,0,0,0,0,0,0,0,0,0,0,0,0,0,0,0,0,0,0,6631,0,0,0,0,0,0,0,0,0,0,0,0,0,0,0,0,0,0,0,0,0,0,0,0,0,0,0,0,0,0,0,0,0,0,0,0,0,1491,0,0,687,0,0,0,0,0,0,0,0,0
"SRR2915539",5921,0,0,166,0,0,0,0,0,5,0,0,0,917,0,0,0,5,0,0,2,0,3,0,0,0,0,0,0,0,11,0,0,0,0,0,0,0,0,0,0,0,0,0,0,0,0,933,0,0,710,0,0,0,0,0,5,0,0,14,0,9,0,0,0,917,0,0,0,0,885,0,0,0,0,0,0,0,0,0,0,0,0,1972,0,0,0,0,531,0,347,0,0,0,0,27,636,0
"SRR2915540",6417,0,214,0,0,0,0,192,0,0,0,0,0,0,0,0,0,0,0,0,0,0,0,0,0,0,0,0,0,0,0,0,293,0,0,0,0,0,0,0,0,0,0,39,126,0,0,1775,0,0,0,0,0,0,0,0,0,0,0,0,0,0,0,0,0,0,0,0,0,0,0,0,0,0,0,0,0,0,0,0,0,0,0,0,6,0,0,0,1473,0,0,0,0,0,0,0,0,0
"SRR2915541",9603,0,0,0,0,0,0,0,0,0,0,0,0,0,0,0,0,0,0,0,0,0,0,0,0,0,0,0,0,0,0,0,0,0,0,0,0,0,0,0,0,0,0,0,0,0,0,9603,0,0,0,0,0,0,0,0,0,0,0,0,0,0,0,0,0,0,0,0,0,0,0,0,0,0,0,0,0,0,0,0,0,0,0,0,0,0,0,0,134,4,0,0,0,0,0,0,0,0
"SRR2915542",6204,0,0,1792,0,0,0,0,1258,0,0,0,0,750,0,0,0,6,0,0,24,0,0,0,0,0,0,0,0,0,55,0,0,0,0,3,0,0,10,0,0,2,0,0,0,0,0,247,0,0,711,0,35,0,2,0,0,0,0,22,0,23,0,0,0,750,0,0,0,0,474,0,0,0,0,3,0,0,0,0,0,0,0,1821,0,0,0,0,198,0,95,0,0,0,0,137,457,9
"SRR2915543",6877,0,0,2,0,0,0,0,0,15,0,0,0,0,0,0,0,0,0,0,0,0,0,0,0,0,0,0,0,0,0,0,3,0,0,2,0,0,0,0,0,0,0,0,0,0,0,6857,0,0,0,0,0,0,0,0,0,0,0,0,0,0,0,0,0,0,0,0,0,0,0,0,0,0,0,0,0,15,0,0,0,0,0,0,0,0,0,0,5949,0,0,0,0,0,0,0,0,0
"SRR2915544",7799,0,0,0,0,0,0,0,0,3,0,0,0,0,0,0,0,6,0,0,0,0,0,0,0,0,0,0,0,0,0,0,3,0,0,0,0,0,0,0,0,0,0,0,0,0,0,7784,0,0,0,0,0,0,0,0,0,0,0,0,0,0,0,0,0,0,0,0,0,0,0,0,0,0,0,0,0,3,0,0,0,0,0,3,0,0,284,0,7408,0,0,0,0,0,0,0,0,0
"SRR2915545",5702,0,0,395,0,0,134,0,11,0,0,0,2,1099,0,0,0,0,0,0,21,0,0,0,0,0,0,134,0,0,42,0,0,2,0,13,0,5,0,0,0,0,0,0,0,0,0,41,0,0,623,0,49,0,11,0,0,0,0,14,0,64,2,0,22,1099,0,0,0,0,1869,0,0,0,0,0,0,0,0,0,0,0,0,885,0,0,0,0,41,0,890,0,0,2,0,40,1766,0
"SRR2915546",6594,0,0,0,0,0,0,0,0,8,0,0,0,0,0,0,0,0,0,0,0,0,0,0,0,0,0,0,0,0,0,0,0,0,0,0,0,0,0,0,0,0,0,0,0,0,0,6586,0,0,0,0,0,0,0,0,0,0,0,0,0,0,0,0,0,0,0,0,0,0,0,0,0,0,0,0,0,8,0,0,0,0,0,0,0,0,0,0,2075,0,0,0,0,0,0,0,0,0
"SRR2915547",10608,0,0,0,0,0,0,0,0,0,0,0,0,0,0,0,0,0,0,0,0,0,0,0,0,0,0,0,0,0,0,0,0,0,0,0,0,0,0,0,0,0,0,0,0,0,0,10606,0,0,2,0,0,0,0,0,0,0,0,0,0,0,0,0,0,0,0,0,0,0,0,0,0,0,0,0,0,0,0,0,0,0,0,0,0,0,0,0,7,0,0,0,0,0,0,0,0,0
"SRR2915548",7936,0,0,77,0,0,15,0,8,0,0,0,0,302,0,0,0,61,0,0,20,0,0,0,0,0,0,15,0,0,29,0,0,0,0,10,0,0,170,0,0,8,0,0,0,0,0,1249,0,0,0,0,0,0,0,0,0,0,0,34,0,5,0,0,0,259,0,0,0,0,404,0,0,178,0,124,0,0,0,0,0,0,0,4871,0,0,0,0,1060,0,238,0,0,0,0,0,302,0
"SRR2915549",5807,0,4700,0,0,21,3,0,0,0,0,0,0,0,4700,0,0,59,0,0,0,0,0,0,0,0,0,3,0,0,0,0,0,0,0,0,0,0,0,0,0,0,0,0,0,0,0,973,0,0,0,0,0,0,0,0,0,0,0,0,0,0,0,0,0,0,0,0,0,0,0,0,0,0,0,5,0,0,0,0,0,0,0,7,0,0,0,0,863,0,0,0,0,0,0,0,0,0
"SRR2915550",4267,0,0,0,0,0,4,0,0,89,0,0,0,0,0,0,0,411,0,0,0,0,0,0,0,0,0,0,0,0,0,0,0,0,0,0,0,0,2,0,0,0,0,0,0,0,0,2903,0,0,0,0,0,0,0,0,22,0,0,0,0,0,0,0,0,0,0,0,0,0,0,0,0,0,0,851,0,67,0,0,0,0,0,0,0,0,0,0,2537,0,0,0,0,0,0,0,0,0
"SRR2915551",5460,0,0,332,0,0,0,0,0,0,0,0,0,2343,0,0,0,2,0,0,0,0,0,0,0,0,0,0,0,0,175,0,0,0,0,0,0,0,0,0,0,0,0,0,0,0,0,12,0,0,520,0,32,0,0,0,0,0,0,53,0,4,0,0,0,2343,0,0,0,0,1357,0,0,0,0,0,0,0,0,0,0,0,0,559,0,0,0,0,12,0,1430,0,0,0,0,173,18,0
"SRR2915552",6816,0,29,2,0,0,93,24,0,143,0,0,0,10,0,0,0,0,0,0,0,0,0,0,0,0,0,93,0,0,0,0,0,0,0,0,0,0,0,0,0,0,0,0,0,0,0,6442,0,0,0,0,0,0,0,0,0,0,0,0,0,0,0,0,0,8,0,0,0,0,3,0,0,0,0,69,0,143,0,5,0,0,0,4,15,0,0,0,6442,0,6,0,0,0,0,0,3,0
"SRR2915553",3630,0,1477,595,8,0,0,1354,0,0,0,0,6,62,0,421,0,0,113,0,222,0,0,30,0,7,0,0,0,0,0,0,554,0,0,197,0,0,0,0,0,0,0,0,0,0,0,155,0,0,0,0,6,0,0,0,0,0,0,0,0,170,2,39,138,62,0,0,0,0,0,0,0,20,0,0,0,0,0,0,0,0,0,3,0,0,0,0,155,0,0,0,14,0,0,0,0,0
"SRR2915554",8997,0,0,12,0,0,0,0,0,0,0,0,0,3549,0,0,0,9,0,0,0,0,0,0,0,0,0,0,0,0,7,0,0,0,0,2,0,0,0,0,0,0,0,0,0,0,0,17,0,0,431,0,2,0,0,0,0,0,0,0,0,10,0,0,0,3549,0,0,0,0,0,0,0,0,0,0,0,0,0,0,0,0,0,4740,0,0,0,0,17,0,0,606,0,0,0,38,0,0
"SRR2915555",4393,0,1452,0,0,0,0,886,0,0,0,0,0,0,563,0,0,0,0,0,0,0,0,9,0,0,0,0,0,0,0,0,2929,0,0,0,0,0,0,0,0,0,0,0,0,0,0,0,0,0,0,0,0,0,0,0,0,0,0,0,0,0,0,0,0,0,0,0,0,0,0,0,0,0,0,0,0,0,0,0,0,0,0,0,0,0,0,0,0,0,0,0,0,0,0,0,0,0
"SRR2915556",4997,0,0,0,0,0,0,0,0,0,0,0,0,0,0,0,0,0,0,0,0,0,0,0,0,0,0,0,0,0,0,0,1383,0,0,0,0,0,0,0,0,0,0,0,0,0,0,0,0,0,0,0,0,0,0,0,0,0,0,0,0,0,0,0,0,0,0,0,0,0,0,0,0,3594,0,0,0,0,0,0,0,0,0,20,0,0,0,0,0,0,0,0,0,0,0,0,0,0
"SRR2915557",9189,0,0,8,0,0,0,0,0,78,0,0,4,3,0,0,0,237,0,0,0,0,0,0,0,0,0,0,0,0,0,0,0,0,0,0,0,0,0,0,0,0,0,0,0,0,0,1209,0,0,0,0,0,0,0,0,0,0,0,0,0,4,4,0,0,3,0,0,0,0,0,0,0,0,0,11,0,78,0,0,0,0,0,7590,3,0,0,0,14,0,0,0,0,0,3,0,0,0
"SRR2915558",7953,0,148,0,0,0,0,127,0,0,0,0,0,0,0,0,0,0,0,0,0,0,0,2,0,0,0,0,0,0,0,0,7785,0,0,0,0,0,3,0,0,0,0,113,0,0,0,4,0,0,0,0,0,0,0,0,0,0,0,0,0,0,0,0,0,0,0,0,0,0,0,0,0,0,0,0,0,0,0,0,0,0,0,0,0,0,0,0,0,0,0,0,0,0,0,0,0,0
"SRR2915559",9220,0,10,0,0,0,5,10,0,3,0,0,0,0,0,0,0,0,0,0,0,0,0,0,0,0,0,5,0,0,0,0,9148,0,0,0,0,0,0,0,0,0,0,0,0,0,0,44,0,0,0,0,0,0,0,0,0,0,0,0,0,0,0,0,0,0,0,0,0,0,0,0,0,0,0,6,0,3,0,0,0,0,0,0,0,0,0,0,0,0,0,0,0,0,0,0,0,0
"SRR2915560",6516,0,0,0,0,0,0,0,0,0,0,0,0,82,0,0,0,34,0,0,0,0,0,0,0,0,0,0,0,0,0,0,0,0,0,0,0,0,5,0,0,0,0,0,0,0,0,4532,0,0,385,0,0,0,0,0,0,0,0,0,0,0,0,0,0,82,0,0,0,0,0,0,0,0,0,0,0,0,0,0,0,0,0,1257,0,0,0,0,4039,0,0,0,0,0,0,0,0,0
"SRR2915561",6845,0,0,0,0,0,6,0,0,100,0,0,0,2,0,0,0,17,0,0,0,0,0,0,0,0,0,6,0,0,0,0,0,0,0,0,0,0,0,0,0,0,0,0,0,0,0,6714,0,0,0,0,0,0,0,0,0,0,0,0,0,0,0,0,0,2,0,0,0,0,0,0,0,0,0,0,0,100,0,0,0,0,0,0,0,0,0,0,6092,0,0,0,0,0,0,0,0,0
"SRR2915562",8310,0,0,0,0,0,0,0,0,4,0,0,0,2,0,0,0,0,0,0,0,0,0,0,0,0,0,0,0,0,0,0,0,0,0,0,0,0,0,0,0,0,0,0,0,0,0,8245,0,0,59,0,0,0,0,0,0,0,0,0,0,0,0,0,0,2,0,0,0,0,0,0,0,0,0,0,0,4,0,0,0,0,0,0,0,0,0,0,7495,0,0,0,0,0,0,0,0,0
"SRR2915563",9842,0,0,0,0,0,3,0,0,0,0,0,0,361,0,0,0,827,0,0,0,0,0,0,0,0,0,3,0,0,0,0,0,0,0,0,0,0,0,0,0,0,0,0,0,0,0,2,0,0,0,0,0,0,0,0,0,0,0,0,0,0,0,0,0,361,0,0,0,0,165,0,0,0,0,30,0,0,0,0,0,0,0,8435,0,0,0,0,2,0,4,0,0,0,0,0,148,0
"SRR2915564",4378,0,2,0,0,2275,46,0,0,0,0,0,0,0,0,0,0,623,0,0,0,0,0,0,0,0,0,46,0,0,0,0,10,0,0,0,0,0,0,0,0,0,0,0,0,0,0,22,0,0,0,0,0,0,0,0,0,0,0,0,0,0,0,0,0,0,0,0,0,0,142,0,0,0,0,0,0,0,0,2,0,0,0,1090,0,0,0,0,22,0,0,0,0,0,0,0,117,0
"SRR2915565",8377,0,2,0,0,0,0,0,0,0,0,0,0,709,0,0,0,1378,0,0,0,0,0,0,0,0,0,0,0,0,0,0,0,0,0,0,0,0,0,0,0,0,0,0,0,0,0,0,0,0,0,0,0,0,0,0,0,0,0,0,0,0,0,0,0,709,0,0,0,0,224,0,0,0,0,0,0,0,0,0,0,0,0,6047,0,0,0,0,0,0,0,0,0,0,0,0,187,0
"SRR2915566",5214,0,3,1076,0,0,87,0,0,219,0,0,0,1705,0,3,0,0,0,0,919,4,0,0,0,0,0,83,0,0,37,0,5,0,10,95,0,0,0,0,0,0,0,0,0,0,0,3,0,4,0,0,8,0,0,0,0,0,0,0,0,22,0,0,6,1705,0,0,0,0,0,0,0,0,0,1241,3,219,4,0,730,4,0,0,13,0,0,0,3,0,0,49,0,0,0,57,0,0
"SRR2915567",16321,0,2,0,0,3,21,0,0,0,0,0,0,0,0,0,0,0,0,0,0,0,0,0,0,0,0,21,0,0,0,0,16033,0,0,0,0,0,0,0,0,0,0,0,0,0,0,17,0,0,0,0,0,0,0,0,0,0,0,0,0,0,0,0,0,0,0,0,0,0,0,0,0,0,0,2,0,0,0,2,0,0,0,2,0,0,0,0,0,0,0,0,0,0,0,0,0,0
"SRR2915568",4690,0,2449,438,0,0,264,2272,0,5,0,0,0,38,0,21,0,0,0,0,8,0,0,0,0,0,0,250,0,0,26,0,989,0,10,384,0,0,0,0,0,0,0,0,0,0,0,195,0,0,0,0,6,0,0,0,0,0,0,0,0,46,0,0,0,38,0,0,0,0,0,0,0,72,0,137,0,5,9,0,0,0,0,0,3,0,0,0,4,0,0,0,0,0,0,0,0,0
"SRR2915569",6449,0,0,0,0,0,0,0,0,0,0,0,0,4,0,0,0,0,0,0,0,0,0,0,0,0,0,0,0,0,0,0,0,0,0,0,0,0,0,0,0,0,0,0,0,0,0,6406,0,0,0,0,0,0,0,0,0,0,0,0,0,0,0,0,0,4,0,0,0,0,0,0,0,0,0,0,0,0,0,0,0,0,0,0,11,0,0,0,6245,145,0,0,0,0,0,0,0,0
"SRR2915570",8550,0,0,0,0,0,5,0,0,0,0,0,0,0,0,0,0,0,0,0,0,0,0,0,0,0,0,0,0,0,0,0,0,0,0,0,0,0,0,0,0,0,0,0,0,0,0,8545,0,0,0,0,0,0,0,0,0,0,0,0,0,0,0,0,0,0,0,0,0,0,0,0,0,0,0,0,0,0,0,0,0,0,0,0,0,0,0,0,8526,17,0,0,0,0,0,0,0,0
"SRR2915571",7586,0,0,0,0,0,0,0,0,0,0,0,0,0,0,0,0,0,0,0,0,0,0,0,0,0,0,0,0,0,0,0,0,0,0,0,0,0,0,0,0,0,0,0,0,0,0,7580,0,0,0,0,0,0,0,0,0,0,0,0,0,0,0,0,0,0,0,0,0,0,0,0,0,0,0,0,0,0,0,0,0,0,0,0,0,0,0,0,6732,835,0,0,0,0,0,0,0,0
"SRR2915572",7275,0,0,25,0,0,0,0,0,4,0,0,0,914,0,0,0,32,0,0,10,0,0,0,2,0,0,0,0,0,5,0,0,0,0,0,0,0,16,0,0,0,0,0,0,0,0,244,0,0,225,0,0,0,0,0,4,0,0,12,0,3,0,0,13,914,0,0,0,0,2593,0,0,0,0,0,0,0,0,0,0,0,0,3106,0,0,0,0,244,0,0,466,0,7,0,0,0,0
"SRR2915573",5134,0,0,0,0,0,0,0,0,42,0,0,0,1561,0,0,0,0,0,0,0,0,0,0,0,0,0,0,0,0,4,0,0,0,0,0,0,0,9,0,0,0,0,0,0,0,0,1537,0,0,43,0,0,0,0,0,42,0,0,0,0,0,0,0,0,1561,0,0,0,0,971,0,0,0,0,0,0,0,0,0,0,0,0,895,0,0,0,0,1537,0,0,790,0,11,0,0,0,0
"SRR2915574",6215,0,0,2,0,0,0,0,0,0,0,0,0,951,0,0,0,22,0,0,0,0,0,0,0,0,0,0,0,0,7,0,0,0,0,0,0,0,6,0,0,0,0,0,0,0,0,47,0,0,396,0,0,0,0,0,0,0,0,2,0,0,0,0,0,951,0,0,0,0,2411,0,0,0,0,0,0,0,0,0,0,0,0,2247,0,0,0,0,47,0,0,392,0,11,0,0,0,0
"SRR2915575",5676,0,0,9,0,0,0,0,0,0,0,0,0,347,0,0,0,75,0,0,0,0,0,0,0,0,0,0,0,0,0,0,0,0,0,0,0,0,0,0,0,0,0,0,0,0,0,3696,0,0,650,0,0,0,0,0,0,0,0,0,0,0,0,0,0,347,0,0,0,0,20,0,0,0,0,0,0,0,0,0,0,0,0,697,0,0,0,0,3229,0,24,0,0,0,0,0,13,0
"SRR2915576",9510,0,0,0,0,0,0,0,0,0,0,0,0,0,0,0,0,0,0,0,0,0,0,0,0,0,0,0,0,0,0,0,0,0,0,0,0,0,0,0,0,0,0,0,0,0,0,9507,0,0,0,0,0,0,0,0,0,0,0,0,0,0,0,0,0,0,0,0,0,0,0,0,0,0,0,0,0,0,0,0,0,0,0,3,0,0,0,0,8510,0,0,0,0,0,0,0,0,0
"SRR2915577",5033,0,226,0,0,0,0,202,0,0,0,0,0,0,0,0,0,0,0,0,0,0,0,0,0,0,0,0,0,0,0,0,445,0,0,0,0,0,0,0,0,0,0,46,135,0,0,4359,0,0,0,0,0,0,0,0,0,0,0,0,0,0,0,0,0,0,0,0,0,0,0,0,0,0,0,0,0,0,0,0,0,0,0,0,0,0,0,0,4032,0,0,0,0,0,0,0,0,0
"SRR2915578",6193,0,0,133,0,0,0,0,0,0,0,0,0,2515,0,0,8,0,0,0,24,0,0,0,0,0,0,0,0,0,14,0,0,0,0,7,0,0,279,0,0,0,0,0,0,0,0,814,0,0,0,0,0,0,0,0,0,0,0,0,0,48,0,0,0,2515,0,0,0,0,0,0,0,0,0,0,0,0,0,0,0,10,0,2366,0,0,0,0,812,0,0,88,0,0,0,0,0,0
"SRR2915579",7146,0,0,0,0,0,5,0,0,51,0,0,0,0,0,3,0,0,0,0,0,0,0,0,0,0,0,5,0,0,0,0,12,0,0,0,0,0,0,0,0,0,0,0,0,0,0,7072,0,0,0,0,0,0,0,0,0,0,0,0,0,0,0,0,0,0,0,0,0,0,0,0,0,0,0,0,0,51,0,0,0,0,0,0,0,0,0,0,6930,0,0,0,0,0,0,0,0,0
"SRR2915580",9717,0,0,0,0,0,0,0,0,0,0,0,0,0,0,0,0,0,0,0,0,0,0,0,0,0,0,0,0,0,0,0,0,0,0,0,0,0,0,0,0,0,0,0,0,0,0,9717,0,0,0,0,0,0,0,0,0,0,0,0,0,0,0,0,0,0,0,0,0,0,0,0,0,0,0,0,0,0,0,0,0,0,0,0,0,0,0,0,9652,0,0,0,0,0,0,0,0,0
"SRR2915581",6401,0,0,393,0,0,0,0,314,0,0,0,0,644,0,0,0,2,0,0,0,0,0,0,0,0,0,0,0,0,0,0,0,0,0,0,0,0,0,0,0,0,0,0,0,0,0,4190,0,0,497,0,73,0,0,0,0,0,0,0,0,0,0,0,0,644,0,0,0,0,88,0,0,0,0,0,0,0,0,0,0,0,0,130,0,0,0,0,4158,0,180,0,0,0,0,0,62,0
"SRR2915582",3555,0,825,0,0,0,0,821,0,0,0,0,0,0,0,558,0,0,0,0,0,0,0,0,0,0,0,0,0,0,0,821,1851,0,0,0,0,0,0,0,0,0,0,0,0,0,0,203,0,0,0,0,0,0,0,0,0,0,0,0,0,0,0,0,0,0,0,0,0,0,0,0,0,0,0,3,0,0,0,0,0,0,0,0,0,0,0,0,203,0,0,0,0,0,0,0,0,0
"SRR2915583",11419,0,0,0,0,0,0,0,0,0,0,0,0,0,0,0,0,0,0,0,0,0,0,0,0,0,0,0,0,0,0,0,0,0,0,0,0,0,0,0,0,0,0,0,0,0,0,11419,0,0,0,0,0,0,0,0,0,0,0,0,0,0,0,0,0,0,0,0,0,0,0,0,0,0,0,0,0,0,0,0,0,0,0,0,0,0,0,0,11411,0,0,0,0,0,0,0,0,0
"SRR2915584",6070,0,0,541,0,0,0,0,0,2,0,0,2,1545,0,0,0,3,0,4,4,0,0,0,0,4,0,0,0,0,16,0,0,0,0,0,28,0,7,0,0,0,0,0,0,0,0,218,0,0,871,0,0,2,0,0,2,0,0,46,0,10,0,0,6,1541,0,0,0,0,182,0,0,0,0,7,0,0,0,0,0,0,0,1561,0,0,0,0,176,0,610,0,0,0,0,0,146,0
"SRR2915585",7358,0,0,0,0,0,0,0,0,0,0,0,0,0,0,0,0,0,0,0,0,0,0,0,0,0,0,0,0,0,0,0,0,0,0,0,0,0,0,0,0,0,0,0,0,0,0,7358,0,0,0,0,0,0,0,0,0,0,0,0,0,0,0,0,0,0,0,0,0,0,0,0,0,0,0,0,0,0,0,0,0,0,0,0,0,0,0,0,6394,0,0,0,0,0,0,0,0,0
"SRR2915586",6381,0,0,0,0,0,0,0,0,0,0,0,0,14,0,0,0,1175,0,0,0,0,0,0,0,0,0,0,0,0,0,0,0,0,0,0,0,0,0,0,0,0,0,0,0,0,0,5174,0,0,0,0,0,0,0,0,0,0,0,0,0,0,0,0,0,14,0,0,0,0,0,0,0,0,0,0,0,0,0,0,0,0,0,0,0,0,0,0,5038,0,0,0,0,0,0,0,0,0
"SRR2915587",7348,0,0,74,0,0,0,0,0,0,0,0,0,152,0,0,0,83,0,0,0,0,0,0,0,0,0,0,0,0,45,0,0,0,0,0,0,0,0,0,0,0,0,0,0,0,0,3731,0,0,1217,0,0,0,0,0,0,0,0,7,0,6,0,0,0,152,0,0,0,0,237,0,0,0,0,0,0,0,0,0,0,0,0,1580,0,0,0,0,3717,0,65,0,0,0,0,17,177,0
"SRR2915588",6441,47,68,46,8,0,80,37,29,4,0,0,0,30,0,25,0,3,0,0,0,0,0,0,0,0,0,80,0,0,0,37,68,0,0,0,0,0,0,0,0,0,0,0,0,0,0,5819,0,0,79,0,2,0,0,0,0,0,0,0,0,0,0,0,0,30,0,0,0,0,5,0,0,4,0,0,0,4,0,13,0,0,0,42,0,0,0,0,5814,0,14,0,0,0,0,0,0,0
"SRR2915589",9600,0,7,0,0,0,19,0,0,0,5,2,0,11,0,0,0,0,0,0,0,0,0,0,0,0,0,19,0,0,0,0,0,0,0,0,2,0,0,0,2,0,0,0,0,0,0,9550,0,0,0,0,0,0,0,0,0,0,5,0,0,0,0,0,0,0,0,0,0,0,0,0,0,0,0,11,0,0,0,0,0,0,0,0,0,0,0,0,9550,0,0,0,0,0,0,0,0,0
"SRR2915590",6032,0,0,1100,0,0,0,0,0,0,0,0,0,920,0,0,0,30,0,0,0,0,0,0,0,0,0,0,0,0,24,0,0,0,0,0,0,0,0,0,0,0,0,0,0,0,0,12,0,0,2795,0,0,0,0,0,0,0,0,16,0,0,0,0,0,920,0,0,0,0,724,0,0,0,0,0,0,0,0,0,0,0,0,262,3,0,0,0,12,0,0,0,0,0,0,29,211,0
"SRR2915591",7201,0,3,0,0,0,0,3,0,0,0,0,0,0,0,0,0,0,0,0,0,0,0,0,0,0,0,0,0,0,0,0,3,0,0,0,0,0,0,0,0,0,0,0,0,0,0,7195,0,0,0,0,0,0,0,0,0,0,0,0,0,0,0,0,0,0,0,0,0,0,0,0,0,0,0,0,0,0,0,0,0,0,0,0,0,0,0,0,6093,0,0,0,0,0,0,0,0,0
"SRR2915592",9611,0,0,0,0,0,0,0,0,0,0,0,0,0,0,0,0,0,0,0,0,0,0,0,0,0,0,0,0,0,0,0,0,0,0,0,0,0,0,0,0,0,0,0,0,0,0,9611,0,0,0,0,0,0,0,0,0,0,0,0,0,0,0,0,0,0,0,0,0,0,0,0,0,0,0,0,0,0,0,0,0,0,0,0,0,0,0,0,7887,0,0,0,0,0,0,0,0,0
"SRR2915593",5777,0,0,338,0,0,0,0,27,0,0,0,0,1443,0,0,0,3,0,0,6,0,0,0,0,0,0,0,0,0,11,0,0,0,0,0,0,0,6,0,0,0,0,0,0,0,0,5,0,0,877,0,4,0,22,0,0,0,0,83,0,0,0,0,0,1443,0,0,0,0,664,0,0,0,0,0,0,0,0,0,0,0,0,2231,0,0,0,0,3,0,762,0,0,0,0,0,172,0
"SRR2915594",5714,0,0,0,0,0,0,0,0,0,0,0,0,0,0,0,0,0,0,0,0,0,0,0,0,0,0,0,0,0,0,0,0,0,0,0,0,0,0,0,0,0,0,0,0,0,0,5714,0,0,0,0,0,0,0,0,0,0,0,0,0,0,0,0,0,0,0,0,0,0,0,0,0,0,0,0,0,0,0,0,0,0,0,0,0,0,0,0,5307,0,0,0,0,0,0,0,0,0
"SRR2915595",6897,0,0,0,0,0,0,0,0,0,0,0,0,0,0,0,0,0,0,0,0,0,0,0,0,0,0,0,0,0,0,0,0,0,0,0,0,0,0,0,0,0,0,0,0,0,0,6897,0,0,0,0,0,0,0,0,0,0,0,0,0,0,0,0,0,0,0,0,0,0,0,0,0,0,0,0,0,0,0,0,0,0,0,0,0,0,0,0,6869,0,0,0,0,0,0,0,0,0
"SRR2915596",6880,0,0,61,0,0,0,0,3,0,0,0,0,275,0,0,0,51,0,0,0,0,0,0,0,0,0,0,0,0,3,0,0,0,0,0,0,0,0,0,0,0,0,0,0,0,0,2093,0,0,750,0,3,0,0,0,0,0,0,0,0,0,0,0,0,275,0,0,0,0,18,0,0,0,0,0,0,0,0,0,0,0,0,3478,6,0,0,0,2091,0,24,0,0,0,0,0,0,0
"SRR2915597",4883,0,2378,0,0,0,0,2378,0,0,0,0,0,0,0,0,0,0,0,0,0,0,0,0,0,0,234,0,0,0,0,0,1968,0,0,0,0,0,0,0,0,0,0,0,0,0,0,164,366,0,0,0,0,0,0,0,0,0,0,0,0,0,0,0,0,0,0,0,0,0,0,0,0,2,0,0,0,0,0,0,0,0,0,0,0,0,0,0,164,0,0,0,0,0,0,0,0,0
"SRR2915598",6147,0,387,217,9,0,0,0,0,0,387,0,0,0,0,0,0,0,0,0,0,0,0,0,0,0,0,0,0,0,0,0,504,0,0,217,0,0,0,0,0,0,0,0,0,0,0,9,0,0,0,0,0,0,0,0,0,0,387,0,0,0,0,0,0,0,0,0,0,9,0,0,0,4763,0,37,0,0,0,0,0,0,0,0,0,0,0,0,9,0,0,0,0,0,0,0,0,0
"SRR2915599",6229,0,0,4213,0,0,0,0,3803,2,0,0,0,381,0,0,0,0,0,0,0,0,0,0,0,0,0,0,0,0,8,0,0,0,0,0,0,0,27,0,0,0,0,0,0,0,0,0,0,0,69,0,0,0,0,0,0,0,0,97,0,0,0,0,0,381,0,0,0,0,1143,0,0,0,0,0,0,2,0,0,0,0,0,80,0,0,0,0,0,0,0,0,0,5,25,121,0,0
"SRR2915600",7807,0,189,0,0,0,0,138,0,0,0,0,0,0,0,0,0,0,0,0,0,0,0,0,0,0,138,0,0,0,0,0,7616,0,0,0,0,0,0,0,0,0,0,0,0,0,0,0,0,0,0,0,0,0,0,0,0,0,0,0,0,0,0,0,0,0,0,0,0,0,0,0,0,0,0,0,0,0,0,0,0,0,0,0,0,0,0,0,0,0,0,0,0,0,0,0,0,0
"SRR2915601",5226,0,0,0,0,0,0,0,0,5,0,0,0,0,0,0,0,0,0,0,0,0,0,0,0,0,0,0,0,0,0,0,0,0,0,0,0,0,0,0,0,0,0,0,0,0,0,5221,0,0,0,0,0,0,0,0,0,0,0,0,0,0,0,0,0,0,0,0,0,0,0,0,0,0,0,0,0,5,0,0,0,0,0,0,0,0,0,0,4733,0,0,0,0,0,0,0,0,0
"SRR2915602",7079,0,25,358,0,0,0,0,36,0,0,0,0,149,0,0,0,7,0,0,29,0,0,0,0,0,0,0,0,0,23,0,0,0,0,0,0,0,0,0,0,0,0,0,0,0,0,410,0,0,229,0,0,0,36,0,0,0,0,0,0,0,0,0,23,149,0,0,0,0,3341,0,0,7,0,28,0,0,0,0,0,0,0,2282,16,0,0,0,410,0,0,0,0,0,0,0,1696,0
"SRR2915603",6215,0,6,0,0,0,0,6,0,0,0,0,0,0,0,0,0,0,0,0,0,0,0,0,0,0,0,0,0,0,0,0,15,0,0,0,0,0,0,0,0,0,0,6,0,0,0,6194,0,0,0,0,0,0,0,0,0,0,0,0,0,0,0,0,0,0,0,0,0,0,0,0,0,0,0,0,0,0,0,0,0,0,0,0,0,0,0,0,6194,0,0,0,0,0,0,0,0,0
"SRR2915604",8097,0,490,148,0,0,0,490,0,0,0,0,0,0,0,0,0,0,0,0,19,0,0,0,0,0,0,0,0,0,0,0,7426,0,0,97,0,0,0,0,0,0,0,490,0,0,0,0,0,0,0,0,0,0,0,0,0,0,0,0,0,32,0,0,0,0,0,0,0,0,0,0,0,0,0,0,0,0,0,0,0,0,0,0,0,0,0,0,0,0,0,0,0,0,0,0,0,0
"SRR2915605",5325,0,0,0,0,0,2,0,0,34,0,0,0,2,0,0,0,97,0,0,0,0,0,0,0,0,0,2,0,0,0,0,0,0,0,0,0,0,0,0,0,0,0,0,0,0,0,5156,0,0,0,0,0,0,0,0,19,0,0,0,0,0,0,0,0,2,0,0,0,0,2,0,0,0,0,0,0,15,0,0,0,0,0,2,0,0,0,0,4097,439,2,0,0,0,0,0,2,0
"SRR2915606",4751,0,2909,0,0,0,0,2075,0,0,0,0,0,0,0,0,0,0,0,0,0,0,0,0,0,0,0,0,0,0,0,0,0,0,0,0,0,0,0,0,0,0,0,2024,0,0,0,1783,0,0,0,0,0,0,0,0,0,0,0,0,0,0,0,0,0,0,0,0,0,0,0,0,82,0,0,0,0,0,0,0,0,0,0,0,0,0,0,0,1375,197,0,0,0,0,0,0,0,0
"SRR2915607",7638,0,0,0,0,0,0,0,0,0,0,0,0,0,0,0,0,0,0,0,0,0,0,0,0,0,0,0,0,0,0,0,0,0,0,0,0,0,0,0,0,0,0,0,0,0,0,7630,0,0,0,0,0,0,0,0,0,0,0,0,0,0,0,0,0,0,0,0,0,0,0,0,0,0,0,0,0,0,0,0,0,0,0,0,0,0,0,0,6393,110,0,0,0,0,0,0,0,0
"SRR2915608",6285,0,0,449,0,0,0,0,14,9,0,0,5,1524,0,0,0,0,0,0,11,0,83,0,8,0,0,0,0,0,60,0,0,0,0,0,0,0,13,0,0,3,0,0,0,0,0,0,0,0,22,0,104,0,11,0,9,0,0,78,0,33,5,0,5,1524,0,0,0,0,3761,0,0,0,0,0,0,0,0,0,0,0,0,3,3,0,0,0,0,0,892,0,0,0,0,0,3244,0
"SRR2915609",5634,0,0,0,0,0,15,0,0,0,0,0,0,0,0,0,0,0,0,0,0,0,0,0,0,0,0,15,0,0,0,0,0,0,0,0,0,0,0,0,0,0,0,0,0,0,0,834,0,0,0,0,0,0,0,0,0,0,0,0,0,0,0,0,0,0,0,0,0,0,0,0,0,4079,0,702,0,0,0,0,0,0,0,0,0,0,0,0,834,0,0,0,0,0,0,0,0,0
"SRR2915610",5627,0,591,0,0,0,0,0,0,2,0,0,0,0,0,29,0,0,0,0,0,0,0,0,0,0,0,0,0,0,0,0,4794,0,0,0,0,0,0,0,0,0,0,0,0,0,0,165,0,0,0,0,0,0,0,0,0,0,0,0,0,0,0,0,0,0,0,0,0,0,0,0,0,0,0,0,0,2,0,0,0,0,0,0,0,0,0,0,165,0,0,0,0,0,0,0,0,0
"SRR2915611",6599,0,0,84,0,0,0,0,0,2,0,0,3,1093,0,0,0,8,0,0,75,0,0,0,4,0,0,0,0,0,0,0,0,0,0,0,0,0,0,0,0,0,0,0,0,0,0,0,0,0,0,0,0,0,0,0,2,0,0,0,0,6,3,0,4,1093,0,0,0,0,2630,0,0,0,0,0,0,0,0,0,984,0,0,1643,0,0,0,0,0,0,0,0,0,0,0,0,2310,0
"SRR2915612",5579,0,0,0,0,0,0,0,0,8,0,0,0,0,0,0,0,0,0,0,0,0,0,0,0,0,0,0,0,0,0,0,0,0,0,0,0,0,0,0,0,0,0,0,0,0,0,5562,0,0,0,0,0,0,0,0,0,0,0,0,0,0,0,0,0,0,0,0,0,0,0,0,0,0,0,0,0,8,0,0,0,0,0,0,0,0,0,18,4858,0,0,0,0,0,0,0,0,0
"SRR2915613",6814,0,432,0,0,0,0,0,0,5,0,0,0,0,432,0,0,127,0,0,0,0,0,0,0,0,0,0,0,0,0,0,0,0,0,0,0,0,0,0,0,0,0,0,0,0,0,6178,0,0,0,0,0,0,0,0,0,0,0,0,0,0,0,0,0,0,0,0,0,0,0,0,0,0,0,4,0,5,0,0,0,0,0,57,0,0,0,0,5533,0,0,0,0,0,0,0,0,0
"SRR2915614",5780,0,0,583,0,0,0,0,0,22,0,0,0,2368,0,0,0,0,0,0,0,0,0,0,0,0,0,0,0,0,2,0,0,0,0,0,0,0,7,0,0,0,0,0,0,0,0,419,0,0,457,0,75,0,0,0,22,0,0,237,4,30,0,0,6,2366,0,0,0,0,312,0,0,0,0,0,0,0,0,0,0,0,0,1170,0,0,0,0,413,0,1065,0,0,0,13,0,234,0
"SRR2915615",6448,0,47,283,0,0,0,0,0,2,0,0,0,680,0,0,0,29,0,0,0,0,0,0,2,0,0,0,0,0,0,0,0,0,0,0,0,0,7,0,0,0,0,0,0,0,0,3011,0,0,16,0,0,0,0,0,2,0,0,6,0,8,0,0,0,680,0,0,0,0,2322,0,0,0,0,0,0,0,0,0,0,0,0,17,0,0,0,0,3011,0,640,0,0,0,0,0,1009,308
"SRR2915616",5563,0,0,1366,0,0,0,0,0,0,0,0,5,2690,0,2,0,0,0,0,41,0,0,0,0,3,0,0,0,0,19,0,0,0,0,7,0,0,0,0,0,0,0,0,0,0,0,0,0,0,21,0,0,0,0,0,0,0,0,138,0,70,5,0,0,2690,0,0,0,0,744,0,0,0,0,0,0,0,0,0,0,0,0,545,0,0,0,0,0,0,1705,0,0,0,0,0,602,31
"SRR2915617",9160,0,0,2,0,0,8,0,0,3,0,0,0,244,0,0,0,53,0,0,0,0,0,0,0,0,0,8,0,0,0,0,0,0,0,0,0,0,0,0,0,0,0,0,0,0,0,8287,0,0,0,0,0,0,0,0,0,0,0,0,0,2,0,0,0,244,0,0,0,0,3,0,0,0,0,0,0,3,0,0,4,0,0,490,0,0,0,0,8268,0,190,0,0,0,0,0,0,3
"SRR2915618",6981,0,6924,0,0,0,0,0,0,0,0,0,0,0,0,0,0,0,0,0,0,0,0,0,0,0,0,0,0,0,0,0,0,0,0,0,0,0,0,0,0,0,0,0,0,0,0,57,0,0,0,0,0,0,0,0,0,0,0,0,0,0,0,0,0,0,0,0,0,0,0,0,7,0,0,0,0,0,0,0,0,0,0,0,0,0,0,0,2,55,0,0,0,0,0,0,0,0
"SRR2915619",8680,0,0,0,0,0,0,0,0,20,0,0,0,4,0,0,0,0,0,0,0,0,0,0,0,0,0,0,0,0,0,0,0,0,0,0,0,0,0,0,0,0,0,0,0,0,0,7507,0,0,0,0,0,0,0,0,0,0,0,0,0,0,0,0,0,4,0,0,0,0,0,0,0,0,0,0,0,20,0,0,0,0,0,1059,0,0,0,0,7498,0,0,0,0,0,0,0,0,0
"SRR2915620",9434,0,0,0,0,0,0,0,0,0,0,0,0,1328,0,0,0,0,0,0,0,0,0,0,0,0,0,0,0,0,0,0,0,0,0,0,0,0,0,0,0,0,0,0,0,0,0,5797,0,0,73,0,0,0,0,0,0,0,0,0,0,0,0,0,0,1328,0,0,0,0,206,0,0,0,0,0,0,0,0,0,0,0,0,1567,0,0,0,0,5772,0,1313,0,0,0,0,0,0,43
"SRR2915621",6299,0,0,0,0,0,0,0,0,7,0,0,0,0,0,0,0,8,0,0,0,0,0,0,0,0,0,0,0,0,0,0,0,0,0,0,0,0,0,0,0,0,0,0,0,0,0,6284,0,0,0,0,0,0,0,0,7,0,0,0,0,0,0,0,0,0,0,0,0,0,0,0,0,0,0,0,0,0,0,0,0,0,0,0,0,0,0,0,6284,0,0,0,0,0,0,0,0,0
"SRR2915622",8091,0,0,2,0,0,0,0,0,0,0,0,0,130,0,0,0,0,0,0,2,0,0,0,0,0,0,0,0,0,0,0,0,0,0,0,0,0,0,0,0,0,0,0,0,0,0,7614,0,0,183,0,0,0,0,0,0,0,0,0,0,0,0,0,0,130,0,0,0,0,16,0,0,0,0,0,0,0,0,0,6,0,0,131,0,0,0,0,7583,0,0,65,0,0,0,0,0,0
"SRR2915623",7850,0,0,286,0,0,2,0,0,0,0,0,0,1630,0,0,0,47,0,0,2,0,0,0,0,0,0,2,0,0,5,0,0,0,0,0,0,0,0,0,0,0,0,0,0,0,0,3,0,0,1120,0,0,0,0,0,0,0,0,29,0,0,0,0,0,1630,0,0,0,0,24,0,0,0,0,0,0,0,0,0,0,0,0,4564,0,0,0,0,3,0,1625,0,0,0,0,0,20,0
"SRR2915624",4651,0,22,0,0,0,0,20,0,0,0,0,0,0,0,0,0,0,0,0,0,0,0,0,0,0,0,0,0,0,0,0,4603,0,0,0,0,0,0,0,0,0,0,0,0,0,0,26,0,0,0,0,0,0,0,0,0,0,0,0,0,0,0,0,0,0,0,0,0,0,0,0,0,0,0,0,0,0,0,0,0,0,0,0,0,0,0,0,26,0,0,0,0,0,0,0,0,0
"SRR2915625",4954,0,0,367,0,0,0,0,0,12,0,0,0,1586,0,0,0,69,0,0,0,0,6,0,0,0,0,0,0,0,4,0,0,0,0,0,0,0,16,0,0,0,0,0,0,0,0,2,0,0,883,0,0,0,0,0,12,0,0,83,0,0,0,0,0,1586,0,0,0,0,54,0,0,0,0,0,0,0,0,0,0,0,0,1787,0,0,0,0,2,0,0,0,0,0,0,0,0,0
"SRR2915626",8365,0,0,0,0,0,0,0,0,0,0,0,0,1028,0,0,0,169,0,0,0,0,0,0,0,0,0,0,0,0,0,0,0,0,0,0,0,0,29,0,0,0,0,0,0,0,0,0,0,0,137,0,0,0,0,0,0,0,0,0,0,0,0,0,0,1028,0,0,0,0,0,0,0,0,0,0,0,0,0,0,0,0,0,6762,0,0,0,0,0,0,0,0,0,0,0,145,0,0
"SRR2915627",7643,0,9,0,0,0,6,0,0,403,0,9,0,0,0,0,0,0,0,0,0,0,0,0,0,0,0,6,0,0,0,0,762,0,0,0,0,0,0,0,9,0,0,0,0,0,0,0,0,0,0,0,0,0,0,0,0,0,0,0,0,0,0,0,0,0,0,0,0,0,0,0,0,0,0,0,0,403,0,0,0,0,0,3,0,0,0,0,0,0,0,0,0,0,0,0,0,0
"SRR2915628",5274,0,3,18,0,0,10,0,0,65,0,0,0,300,0,0,0,1179,0,0,0,0,0,0,0,0,0,10,0,0,7,0,0,0,0,16,0,0,2,0,0,0,0,0,0,0,0,881,0,0,0,0,0,0,0,0,0,0,0,0,0,0,0,0,0,300,0,0,0,0,0,0,0,0,0,2799,3,65,0,0,5,0,0,0,0,0,0,0,0,0,0,0,0,0,0,0,0,0
"SRR2915629",4612,0,5,0,0,0,0,0,0,6,0,0,0,0,0,0,0,42,0,0,0,0,0,0,0,0,0,0,5,0,0,0,1907,0,0,0,0,0,0,0,0,0,0,0,0,0,0,2618,0,0,0,0,0,0,0,0,0,0,0,0,0,0,0,0,0,0,0,0,0,0,0,0,0,0,0,0,0,6,0,0,0,0,0,0,0,0,0,0,0,0,0,0,0,0,0,0,0,0
"SRR2915630",6978,0,0,15,0,0,0,0,0,0,0,0,0,97,0,0,0,36,0,0,0,0,0,0,3,0,0,0,0,0,17,0,0,0,0,4,0,0,13,0,0,0,0,0,0,0,0,3543,0,0,0,0,2,0,0,0,0,0,0,0,0,4,0,0,0,97,0,0,0,0,0,0,0,0,0,3,0,0,0,0,5,4,0,62,0,0,0,0,3504,0,0,0,0,0,14,0,0,0
"SRR2915631",5008,0,0,20,0,0,0,0,0,0,0,0,0,193,0,0,0,6,0,0,0,0,0,0,0,0,0,0,0,0,3,0,1165,0,0,0,0,0,0,0,0,0,0,0,0,0,0,2933,0,0,125,0,0,0,0,0,0,0,0,0,0,0,0,0,0,193,0,0,0,0,5,0,0,7,0,0,0,0,0,0,0,0,0,483,0,0,0,0,2928,0,145,0,0,0,0,0,0,0
"SRR2915632",3788,0,2272,0,0,0,0,1977,0,0,0,0,0,0,0,0,0,0,0,0,0,0,0,0,0,0,0,0,0,0,0,0,983,0,0,0,0,0,0,0,0,0,0,313,0,0,0,504,0,0,0,0,0,0,0,0,0,0,0,0,0,0,0,0,0,0,0,0,0,0,0,0,0,0,0,0,0,0,0,0,0,0,0,0,0,0,0,0,487,0,0,0,0,0,0,0,0,0
"SRR2915633",5364,0,0,0,4,0,0,0,0,3,0,0,0,0,0,0,0,0,0,0,0,0,0,0,0,0,0,0,0,0,0,0,25,0,0,0,0,0,0,0,0,0,0,0,0,4,0,5325,0,0,0,0,0,0,0,0,0,0,0,0,0,0,0,0,0,0,0,0,0,0,0,0,0,7,0,0,0,3,0,0,0,0,0,0,0,0,0,0,3457,1859,0,0,0,0,0,0,0,0
"SRR2915634",7446,0,0,0,0,0,0,0,0,1277,0,0,0,11,0,0,0,0,0,0,0,0,0,0,0,0,0,0,0,0,0,0,0,0,0,0,0,0,147,0,0,0,0,0,0,0,0,4393,0,0,0,0,0,0,0,0,1236,0,0,0,0,0,0,0,0,11,0,0,0,0,0,0,0,0,0,5,0,41,0,0,205,0,0,1131,0,0,0,0,4380,13,0,0,0,0,0,0,0,0
"SRR2915635",4080,0,0,0,0,0,0,0,0,0,0,0,0,0,0,0,0,0,0,0,0,0,0,0,0,0,0,0,0,0,0,0,0,0,0,0,0,0,0,0,0,0,0,0,0,0,0,4071,0,0,0,0,0,0,0,0,0,0,0,0,0,0,0,0,0,0,0,0,0,0,0,0,0,0,0,0,0,0,0,0,0,0,0,0,0,0,0,0,4039,22,0,0,0,0,0,0,0,0
"SRR2915636",6139,0,376,54,0,0,0,370,0,99,0,0,0,0,0,0,0,0,0,0,0,0,0,33,0,0,0,0,0,0,5,0,0,0,0,54,0,0,0,0,0,0,0,0,0,0,0,2879,0,0,0,0,0,0,0,0,97,0,0,0,0,0,0,0,0,0,0,0,0,0,0,0,0,68,0,2625,0,2,0,0,0,0,0,0,0,0,0,0,2879,0,0,0,0,0,0,0,0,0
"SRR2915637",5882,0,0,74,0,0,0,0,0,0,0,0,0,2066,0,0,0,3,0,0,0,0,0,0,8,0,0,0,0,0,0,0,0,0,0,0,0,0,0,0,0,0,0,0,0,0,0,2468,0,0,775,0,0,0,0,0,0,0,0,74,0,0,0,0,0,2066,0,0,0,0,0,0,0,0,0,0,0,0,0,0,0,0,0,449,0,0,0,0,2280,0,0,577,0,0,0,0,0,0
"SRR2915638",5110,0,0,0,0,0,0,0,0,0,0,0,0,0,0,0,0,0,0,0,0,0,0,0,0,0,0,0,0,0,0,0,0,0,0,0,0,0,0,0,0,0,0,0,0,0,0,5108,0,0,0,0,0,0,0,0,0,0,0,0,0,0,0,0,0,0,0,0,0,0,0,0,0,0,0,2,0,0,0,0,0,0,0,0,0,0,0,0,5108,0,0,0,0,0,0,0,0,0
"SRR2915639",8239,0,0,0,0,0,0,0,0,0,0,0,0,0,0,0,0,0,0,0,0,0,0,0,0,0,0,0,0,0,0,0,0,0,0,0,0,0,0,0,0,0,0,0,0,0,0,8239,0,0,0,0,0,0,0,0,0,0,0,0,0,0,0,0,0,0,0,0,0,0,0,0,0,0,0,0,0,0,0,0,0,0,0,0,0,0,0,0,8187,0,0,0,0,0,0,0,0,0
"SRR2915640",6638,0,3704,5,0,0,23,3614,0,0,0,0,0,99,0,0,0,6,0,0,5,0,0,0,0,0,0,23,0,0,0,0,0,0,0,0,0,0,0,0,0,0,0,0,0,0,0,10,0,0,0,0,0,0,0,0,0,0,0,0,0,0,0,0,0,99,0,0,0,0,0,0,0,141,0,24,0,0,0,0,0,0,0,2565,0,0,0,0,0,0,0,0,0,0,0,0,0,0
"SRR2915641",5796,0,418,287,19,3,387,246,25,5,0,0,0,454,14,3,0,78,0,0,18,0,28,2,0,0,0,387,0,0,32,0,2450,0,27,14,0,0,7,0,0,0,0,0,0,17,0,503,0,0,48,2,0,0,25,0,0,0,0,8,0,30,0,0,0,454,0,0,3,0,106,0,0,56,5,489,0,5,8,0,13,0,0,166,0,0,0,0,494,0,310,0,0,0,0,20,72,0
"SRR2915642",10709,0,0,0,0,0,0,0,0,0,0,0,0,0,0,0,0,7,0,0,0,0,0,0,0,0,0,0,0,0,0,0,9,0,0,0,0,0,0,0,0,0,0,0,0,0,0,0,0,0,0,0,0,0,0,0,0,0,0,0,0,0,0,0,0,0,0,0,0,0,0,0,0,0,0,0,0,0,0,0,0,0,0,10682,0,0,0,0,0,0,0,0,0,0,0,0,0,0
"SRR2915643",3705,0,0,1910,0,0,21,0,75,0,0,0,82,242,0,0,0,0,0,0,35,0,0,0,4,0,0,21,0,0,17,0,0,0,0,11,0,0,0,0,0,0,0,0,0,0,0,44,0,0,3,0,890,0,27,4,0,0,0,443,74,172,82,0,21,242,0,0,0,0,101,0,0,89,0,0,0,0,0,0,0,0,0,188,0,0,0,0,44,0,8,0,0,0,0,0,35,0
"SRR2915644",3659,0,0,0,0,0,0,0,0,0,0,0,0,0,0,0,0,0,0,0,0,0,0,0,0,0,0,0,0,0,0,0,3616,0,0,0,0,0,0,0,0,0,0,0,0,0,0,38,0,0,0,0,0,0,0,0,0,0,0,0,0,0,0,0,0,0,0,0,0,0,0,0,0,0,0,0,0,0,0,0,0,0,0,0,0,0,0,0,38,0,0,0,0,0,0,0,0,0
"SRR2915645",6200,0,0,0,0,0,0,0,0,0,0,0,0,0,0,0,0,0,0,0,0,0,0,0,0,0,0,0,0,0,0,0,4711,0,0,0,0,0,0,0,0,0,0,0,0,0,0,137,0,0,0,0,0,0,0,0,0,0,0,0,0,0,0,0,0,0,0,0,0,0,0,0,0,1352,0,0,0,0,0,0,0,0,0,0,0,0,0,0,7,0,0,0,0,0,0,0,0,0
"SRR2915646",5546,0,732,698,0,0,61,0,2,0,0,0,0,2245,0,23,0,0,0,0,277,0,0,15,0,0,0,61,0,0,0,0,0,0,0,281,0,0,0,0,0,2,0,0,0,0,0,108,0,0,32,0,0,0,0,0,0,0,0,0,0,138,0,0,0,2224,0,0,0,0,1165,0,0,173,0,3,0,0,0,0,4,0,0,7,0,0,0,0,108,0,2222,0,0,0,0,0,356,0
"SRR2915647",2888,0,0,0,0,0,0,0,0,0,0,0,0,0,0,0,0,0,0,0,0,0,0,0,0,0,0,0,0,0,0,0,480,0,0,0,0,0,0,0,0,0,0,0,0,0,0,41,251,0,0,0,0,0,0,0,0,0,0,0,0,0,0,0,0,0,0,0,0,0,0,0,0,11,0,2105,0,0,0,0,0,0,0,0,0,0,0,0,41,0,0,0,0,0,0,0,0,0
"SRR2915648",5939,0,0,0,0,0,0,0,0,0,0,0,0,0,0,0,0,22,0,0,0,0,0,0,0,0,0,0,0,0,0,0,0,0,0,0,0,0,0,0,0,0,0,0,0,0,0,5908,0,0,0,0,0,0,0,0,0,0,0,0,0,0,0,0,0,0,0,0,0,0,0,0,0,0,0,0,0,0,0,0,0,0,0,0,0,0,0,2,4885,0,0,0,0,0,0,0,0,0
"SRR2915649",5677,0,0,0,0,0,0,0,0,0,0,0,0,244,0,0,0,0,0,0,0,0,0,0,0,0,0,0,0,0,0,0,83,0,0,0,0,0,0,0,0,0,0,0,0,0,0,705,0,0,97,0,0,0,0,0,0,0,0,0,0,0,0,0,0,244,0,0,0,0,0,0,0,4329,0,0,0,0,0,0,0,0,0,153,0,0,0,0,703,0,4,0,0,0,0,40,0,0
"SRR2915650",3351,0,98,0,0,0,0,98,0,0,0,0,0,0,0,0,0,0,0,0,0,0,0,0,0,0,0,0,0,0,0,0,0,0,0,0,0,0,0,0,0,0,0,0,0,0,0,2897,0,0,0,0,0,0,0,0,0,0,0,0,0,0,0,0,0,0,0,0,0,0,0,0,0,0,0,0,0,0,0,0,0,0,0,0,0,0,0,0,2779,108,0,0,0,0,0,0,0,0
"SRR2915652",4717,0,0,0,0,0,0,0,0,0,0,0,0,0,0,0,0,0,0,0,0,0,0,0,0,0,0,0,0,0,0,0,2089,0,0,0,0,0,0,0,0,0,0,0,0,0,0,314,0,0,0,0,0,0,0,0,0,0,0,0,0,0,0,0,0,0,0,0,0,0,0,0,0,2265,0,0,0,0,0,0,0,0,0,0,0,0,0,0,314,0,0,0,0,0,0,0,0,0
"SRR2915653",6746,0,0,339,0,0,15,0,0,0,0,0,0,163,0,0,0,5,0,0,0,0,0,0,0,0,0,15,0,0,7,0,0,0,0,6,0,0,0,0,0,0,0,0,0,0,0,453,0,0,159,0,0,0,0,0,0,0,0,0,0,0,0,0,0,163,0,0,0,0,0,0,0,3228,0,245,0,0,0,0,0,0,0,2014,0,0,0,0,453,0,0,0,0,0,0,0,0,0
"SRR2915654",4491,0,0,0,0,0,0,0,0,88,0,0,0,0,0,0,0,0,0,0,0,0,0,0,0,0,0,0,0,0,0,0,0,0,0,0,0,0,0,0,0,0,0,0,0,0,0,4401,0,0,0,0,0,0,0,0,0,0,0,0,0,0,0,0,0,0,0,0,0,0,0,0,0,0,0,0,0,88,0,0,0,0,0,0,2,0,0,0,4401,0,0,0,0,0,0,0,0,0
"SRR2915655",6452,0,0,0,0,0,0,0,0,0,0,0,0,5,0,0,0,0,0,0,0,0,0,0,0,0,0,0,0,0,0,0,0,0,0,0,0,0,0,0,0,0,0,0,0,0,0,6444,0,0,0,0,0,0,0,0,0,0,0,0,0,0,0,0,0,5,0,0,0,0,0,0,0,0,0,3,0,0,0,0,0,0,0,0,0,4972,0,0,808,0,0,0,0,0,0,0,0,0
"SRR2915656",3737,0,2067,640,0,0,37,0,28,3,0,0,79,98,0,32,0,0,0,0,61,0,0,0,0,0,0,37,0,3,14,0,0,0,0,0,13,0,5,0,0,4,0,0,0,0,0,0,0,0,0,0,0,0,24,0,3,0,0,37,30,88,79,0,20,98,0,0,0,0,722,0,0,0,0,0,0,0,0,0,0,0,0,34,0,0,0,0,0,0,0,0,0,0,0,0,525,0
"SRR2915657",6499,0,0,0,0,0,0,0,0,24,0,0,0,0,0,0,0,2,0,0,0,0,0,0,0,0,0,0,0,0,0,0,3,0,0,0,0,0,0,0,0,0,0,0,0,0,0,6467,0,0,0,0,0,0,0,0,0,0,0,0,0,0,0,0,0,0,0,0,0,0,0,0,0,0,0,0,0,24,0,0,0,0,0,0,0,0,0,0,6190,0,0,0,0,0,0,0,0,0
"SRR2915658",4823,0,0,106,0,5,0,0,3,213,0,0,0,1415,0,0,0,411,0,0,12,0,206,0,14,0,0,0,0,0,13,0,0,0,0,19,0,0,741,5,0,3,0,0,0,0,0,1619,0,0,0,0,0,0,0,0,213,0,0,14,0,19,0,0,0,1415,0,0,0,0,0,0,0,0,0,0,0,0,0,0,0,0,0,0,0,0,0,0,1541,0,0,0,0,0,0,728,0,0
"SRR2915659",8571,0,0,7,0,0,12,0,0,76,0,0,0,0,0,0,0,287,0,0,0,0,0,0,0,0,0,8,0,0,0,0,0,0,0,2,0,0,0,0,0,0,0,0,0,0,0,8174,0,0,0,0,0,0,0,0,2,0,0,0,0,0,0,0,0,0,0,0,0,0,0,0,0,7,0,2,0,74,0,0,0,0,0,4,0,0,0,0,8161,0,0,0,0,0,0,0,0,0
"SRR2915660",4683,0,30,0,0,0,0,30,0,4,0,0,0,0,0,0,0,0,0,0,0,0,0,0,0,0,0,0,0,0,0,0,4530,0,0,0,0,0,0,0,0,0,0,20,0,0,0,93,0,0,0,0,0,0,0,0,0,0,0,0,0,0,0,0,0,0,0,0,0,0,0,0,0,0,0,24,0,4,0,0,0,0,0,0,0,0,0,0,93,0,0,0,0,0,0,0,0,0
"SRR2915661",3817,0,3,513,0,0,0,3,0,324,0,0,0,404,0,213,0,0,0,0,39,0,0,0,0,140,0,0,0,0,63,0,0,0,0,0,0,0,0,0,0,0,0,0,0,0,0,34,0,0,0,0,0,0,0,0,320,0,0,66,70,194,0,0,4,404,0,0,0,0,1988,0,0,0,0,21,0,4,0,0,14,0,0,20,0,0,0,0,34,0,0,30,0,0,6,0,560,0
"SRR2915662",7497,0,0,24,0,0,0,0,0,0,0,0,0,1671,0,0,0,30,0,0,13,0,0,0,0,0,0,0,0,0,18,0,0,0,0,0,0,0,0,0,0,0,0,0,0,0,0,222,0,0,776,0,0,0,0,0,0,0,0,11,0,0,0,0,0,1671,0,0,0,0,2007,0,0,0,0,0,0,0,0,0,0,0,0,2660,0,0,0,0,222,0,0,443,0,0,0,0,0,133
"SRR2915663",4764,0,3,0,0,0,0,0,0,0,0,0,0,0,0,0,0,0,0,0,0,0,0,0,0,0,0,0,0,0,0,0,12,0,0,0,0,0,0,0,0,0,0,0,0,0,0,2172,0,0,0,0,0,0,0,0,0,0,0,0,0,0,0,0,0,0,0,0,0,0,0,0,0,0,0,2577,0,0,0,0,0,0,0,0,0,0,0,0,2172,0,0,0,0,0,0,0,0,0
"SRR2915664",6239,0,0,0,0,0,0,0,0,41,0,0,0,0,0,0,0,147,0,0,0,0,0,0,0,0,0,0,0,0,0,0,0,0,0,0,0,0,19,0,0,0,0,0,0,0,0,5858,0,0,0,0,0,0,0,0,0,0,0,0,0,0,0,0,0,0,0,0,0,0,77,0,0,0,0,7,0,41,0,0,83,0,0,0,0,0,0,0,5840,0,0,0,0,0,0,0,0,0
